venue,city,canonical_venue,canonical_city,country,basis,matches,intl_teams,events,checked
"Belgrano Athletic Club Ground, Buenos Aires",Buenos Aires,"Belgrano Athletic Club Ground, Buenos Aires",Buenos Aires,Argentina,city,10,Bermuda:4; Argentina:4; Bahamas:3; Panama:2,ICC Men's T20 World Cup Sub Regional Americas Qualifier:6; ICC Men's T20 World Cup Americas Region Qualifier:3,
"Hurlingham Club Ground, Buenos Aires",Buenos Aires,"Hurlingham Club Ground, Buenos Aires",Buenos Aires,Argentina,city,15,Panama:5; Argentina:5; Bahamas:4; Cayman Islands:4,ICC Men's T20 World Cup Sub Regional Americas Qualifier:10; ICC Men's T20 World Cup Americas Region Qualifier:4,
San Albano,,San Albano,,Argentina,venue name,2,Argentina:2; Chile:2,Chile Women tour of Argentina:2,
"St Albans Club, Buenos Aires",Buenos Aires,"St Albans Club, Buenos Aires",Buenos Aires,Argentina,city,28,Argentina:13; Brazil:11; United States of America:6; Canada:5,ICC Women's T20 World Cup Americas Region Qualifier:11; ICC Men's T20 World Cup Sub Regional Americas Qualifier:9,
"St George's College Ground, Buenos Aires",Buenos Aires,"St George's College Ground, Buenos Aires",Buenos Aires,Argentina,city,16,Argentina:9; Canada:7; Brazil:3; Mexico:3,ICC Men's T20 World Cup Sub Regional Americas Qualifier:9; Canada Women tour of Argentina:7,
St Georges Quilmes,,St Georges Quilmes,,Argentina,venue name,3,Chile:2; Mexico:2; Argentina:2,South American Men's Championships:3,
Adelaide Oval,Adelaide,Adelaide Oval,Adelaide,Australia,city,138,Australia:20; England:9; India:7; Pakistan:3,Big Bash League:59; Sheffield Shield:22,
Adelaide Oval,,Adelaide Oval,Adelaide,Australia,venue name,79,Australia:38; England:11; India:10; Sri Lanka:9,Big Bash League:24; Women's Big Bash League:10,
Adelaide Oval No. 2,,Adelaide Oval No. 2,,Australia,venue name,1,,Women's Big Bash League:1,
"Allan Border Field, Brisbane",Brisbane,"Allan Border Field, Brisbane",Brisbane,Australia,city,51,Australia:8; India:3; Pakistan:2; West Indies:2,Women's Big Bash League:20; Sheffield Shield:11,
Allan Border Field,Brisbane,"Allan Border Field, Brisbane",Brisbane,Australia,city,24,Australia:11; New Zealand:7; Sri Lanka:3; England:1,Women's Big Bash League:13; New Zealand Women tour of Australia:7,
Aurora Stadium,Launceston,Aurora Stadium,Launceston,Australia,city,11,,Big Bash League:7; Women's Big Bash League:4,
"Aurora Stadium, Launceston",Launceston,Aurora Stadium,Launceston,Australia,city,9,,Women's Big Bash League:8; Big Bash League:1,
"Bankstown Oval, Sydney",Sydney,"Bankstown Oval, Sydney",Sydney,Australia,city,5,England:2; Australia:2,England Women tour of Australia:2; Marsh Sheffield Shield:1,
Bankstown Oval,Sydney,"Bankstown Oval, Sydney",Sydney,Australia,city,2,,Women's Big Bash League:2,
"Bellerive Oval, Hobart",Hobart,"Bellerive Oval, Hobart",Hobart,Australia,city,118,Australia:10; West Indies:4; Zimbabwe:4; Ireland:4,Sheffield Shield:28; Women's Big Bash League:28,
Bellerive Oval,Hobart,"Bellerive Oval, Hobart",Hobart,Australia,city,90,Australia:22; Sri Lanka:8; England:6; South Africa:4,Big Bash League:44; Women's Big Bash League:17,
Blacktown International Sportspark,Sydney,Blacktown International Sportspark,Sydney,Australia,city,11,,Women's Big Bash League:11,
"Blacktown International Sportspark, Sydney",Sydney,Blacktown International Sportspark,Sydney,Australia,city,4,,Women's Big Bash League:4,
Bradman Oval,Bowral,Bradman Oval,Bowral,Australia,city,2,Australia:2; West Indies:2,ICC Women's Championship:1; West Indies Women in Australia ODI Series:1,
"Bradman Oval, Bowral",Bowral,Bradman Oval,Bowral,Australia,city,1,Australia:1; England:1,England Women tour of Australia and New Zealand:1,
"Brisbane Cricket Ground, Woolloongabba",Brisbane,"Brisbane Cricket Ground, Woolloongabba",Brisbane,Australia,city,88,Australia:37; England:10; Sri Lanka:10; India:9,Big Bash League:37; Commonwealth Bank Series:8,
"Brisbane Cricket Ground, Woolloongabba, Brisbane",Brisbane,"Brisbane Cricket Ground, Woolloongabba",Brisbane,Australia,city,66,Australia:11; England:3; India:3; West Indies:2,Big Bash League:24; Sheffield Shield:18,
Brisbane Cricket Ground,Brisbane,"Brisbane Cricket Ground, Woolloongabba",Brisbane,Australia,city,10,Australia:3; India:3; New Zealand:1; Zimbabwe:1,Big Bash League:6; VB Series:2,
"Bundaberg Rum Stadium, Cairns",Cairns,"Bundaberg Rum Stadium, Cairns",Cairns,Australia,city,2,Bangladesh:2; Australia:2,Bangladesh tour of Australia:2,
Camberwell Sports Ground,Melbourne,Camberwell Sports Ground,Melbourne,Australia,city,5,,Women's Big Bash League:5,
Canterbury Park,Bendigo,Canterbury Park,Bendigo,Australia,city,2,Vanuatu:1; Philippines:1; Indonesia:1; Samoa:1,ICC World Cricket League East Asia-Pacific Region Qualifiers:2,
Carrara Oval,Carrara,Carrara Oval,Carrara,Australia,city,24,Australia:6; India:5; West Indies:1,Big Bash League:18; India Women tour of Australia:4,
Carrara Oval,,Carrara Oval,Carrara,Australia,venue name,1,South Africa:1; Australia:1,South Africa tour of Australia:1,
Casey Fields No. 4,Melbourne,Casey Fields No. 4,Melbourne,Australia,city,6,,Women's Big Bash League:6,
"Casey Fields No 4, Melbourne",Melbourne,Casey Fields No. 4,Melbourne,Australia,city,1,,Women's Big Bash League:1,
"Cazaly's Stadium, Cairns",Cairns,"Cazaly's Stadium, Cairns",Cairns,Australia,city,7,Australia:5; New Zealand:3; South Africa:2,New Zealand tour of Australia:3; South Africa tour of Australia:2,
Cazaly's Stadium,Cairns,"Cazaly's Stadium, Cairns",Cairns,Australia,city,1,,Women's Big Bash League:1,
Cobham Oval,,Cobham Oval,,Australia,venue name,4,,Plunket Shield:4,
"Cricket Central, Sydney",Sydney,"Cricket Central, Sydney",Sydney,Australia,city,18,,One-Day Cup (Australia):7; Sheffield Shield:6,
Docklands Stadium,Melbourne,Docklands Stadium,Melbourne,Australia,city,52,Australia:5; ICC World XI:2; South Africa:2; New Zealand:1,Big Bash League:44; Women's Big Bash League:3,
"Docklands Stadium, Melbourne",Melbourne,Docklands Stadium,Melbourne,Australia,city,28,,Big Bash League:28,
Dower Park,Bendigo,Dower Park,Bendigo,Australia,city,1,Indonesia:1; Vanuatu:1,ICC World Cricket League East Asia-Pacific Region Qualifiers:1,
Drummoyne Oval,Sydney,Drummoyne Oval,Sydney,Australia,city,19,,Women's Big Bash League:19,
"Drummoyne Oval, Sydney",Sydney,Drummoyne Oval,Sydney,Australia,city,14,,Women's Big Bash League:11; Sheffield Shield:2,
"Eastern Oval, Ballarat",Ballarat,"Eastern Oval, Ballarat",Ballarat,Australia,city,4,,Women's Big Bash League:4,
Eastern Oval,Ballarat,"Eastern Oval, Ballarat",Ballarat,Australia,city,2,,Women's Big Bash League:2,
"GMHBA Stadium, South Geelong, Victoria",Geelong,"GMHBA Stadium, South Geelong, Victoria",Geelong,Australia,city,15,Namibia:3; Sri Lanka:3; United Arab Emirates:3; Netherlands:3,Big Bash League:9; ICC Men's T20 World Cup:6,
Geelong Cricket Ground,Geelong,Geelong Cricket Ground,Geelong,Australia,city,2,,Big Bash League:1; Women's Big Bash League:1,
Gliderol Stadium,Adelaide,Gliderol Stadium,Adelaide,Australia,city,3,,Women's Big Bash League:3,
"Gliderol Stadium, Adelaide",Adelaide,Gliderol Stadium,Adelaide,Australia,city,3,,Sheffield Shield:3,
"Great Barrier Reef Arena, Mackay",Mackay,"Great Barrier Reef Arena, Mackay",Mackay,Australia,city,12,Australia:5; New Zealand:2; South Africa:2; Bangladesh:1,Women's Big Bash League:5; New Zealand Women tour of Australia:2,
Harrup Park,Mackay,Harrup Park,Mackay,Australia,city,6,,Women's Big Bash League:6,
Howell Oval,Sydney,Howell Oval,Sydney,Australia,city,1,,Women's Big Bash League:1,
Hurstville Oval,Sydney,Hurstville Oval,Sydney,Australia,city,20,Australia:2; West Indies:2,Women's Big Bash League:18; ICC Women's Championship:2,
"International Sports Stadium, Coffs Harbour",Coffs Harbour,"International Sports Stadium, Coffs Harbour",Coffs Harbour,Australia,city,4,,Big Bash League:4,
International Sports Stadium,Coffs Harbour,"International Sports Stadium, Coffs Harbour",Coffs Harbour,Australia,city,3,Australia:2; South Africa:1; England:1,South Africa Women in Australia ODI Series:1; ICC Women's Championship:1,
"Invermay Park, Launceston",Launceston,"Invermay Park, Launceston",Launceston,Australia,city,2,,Women's Big Bash League:2,
Invermay Park,Launceston,"Invermay Park, Launceston",Launceston,Australia,city,1,,Women's Big Bash League:1,
"Jubilee Park, Ringwood, Melbourne",Melbourne,"Jubilee Park, Ringwood, Melbourne",Melbourne,Australia,city,1,,Women's Big Bash League:1,
"Junction Oval, Melbourne",Melbourne,"Junction Oval, Melbourne",Melbourne,Australia,city,76,Australia:5; England:3; West Indies:2,Women's Big Bash League:32; Sheffield Shield:17,
Junction Oval,Melbourne,"Junction Oval, Melbourne",Melbourne,Australia,city,26,Australia:5; India:5; New Zealand:4; Bangladesh:2,Women's Big Bash League:16; ICC Women's T20 World Cup:5,
"Karen Rolton Oval, Adelaide",Adelaide,"Karen Rolton Oval, Adelaide",Adelaide,Australia,city,49,,Women's Big Bash League:26; Sheffield Shield:15,
Karen Rolton Oval,Adelaide,"Karen Rolton Oval, Adelaide",Adelaide,Australia,city,9,Australia:1; New Zealand:1,Women's Big Bash League:8; Rose Bowl:1,
Kennards Hire Community Oval,,Kennards Hire Community Oval,,Australia,venue name,22,,Plunket Shield:22,
Kerrydale Oval,Gold Coast,Kerrydale Oval,Gold Coast,Australia,city,4,Australia:4; Pakistan:4,Pakistan Women in Australia T20I Series:4,
"Kingston Twin Ovals, Hobart",Hobart,"Kingston Twin Ovals, Hobart",Hobart,Australia,city,1,,One-Day Cup (Australia):1,
"Latrobe Recreation Ground, Latrobe",Latrobe,"Latrobe Recreation Ground, Latrobe",Latrobe,Australia,city,2,,Women's Big Bash League:2,
"Lavington Sports Oval, Albury",Albury,"Lavington Sports Oval, Albury",Albury,Australia,city,3,,Big Bash League:2; Sheffield Shield:1,
Lavington Sports Oval,Albury,"Lavington Sports Oval, Albury",Albury,Australia,city,2,,Women's Big Bash League:2,
Lilac Hill Park,Perth,Lilac Hill Park,Perth,Australia,by hand (ambiguous city),10,,Women's Big Bash League:10,
"Lilac Hill Park, Perth",Perth,Lilac Hill Park,Perth,Australia,by hand (ambiguous city),8,,Women's Big Bash League:8,
Manuka Oval,Canberra,Manuka Oval,Canberra,Australia,city,45,Australia:16; England:6; South Africa:5; India:5,Big Bash League:19; ICC Women's T20 World Cup:5,
"Manuka Oval, Canberra",Canberra,Manuka Oval,Canberra,Australia,city,22,Australia:11; England:5; South Africa:2; India:2,Big Bash League:10; Women's Ashes:3,
Marrara Cricket Ground,Darwin,Marrara Cricket Ground,Darwin,Australia,city,3,Australia:3; Bangladesh:3,Bangladesh in Australia ODI Series:3,
"Marrara Cricket Ground, Darwin",Darwin,Marrara Cricket Ground,Darwin,Australia,city,2,Bangladesh:2; Australia:2,Bangladesh tour of Australia:2,
"Marrara Stadium, Darwin",Darwin,"Marrara Stadium, Darwin",Darwin,Australia,city,3,Australia:3; South Africa:2; Bangladesh:1,South Africa tour of Australia:2; Bangladesh tour of Australia:1,
Melbourne Cricket Ground,Melbourne,Melbourne Cricket Ground,Melbourne,Australia,city,102,Australia:24; India:10; England:8; Sri Lanka:4,Big Bash League:51; Sheffield Shield:12,
Melbourne Cricket Ground,,Melbourne Cricket Ground,Melbourne,Australia,venue name,90,Australia:57; England:16; India:14; Sri Lanka:9,Big Bash League:24; Commonwealth Bank Series:8,
Molyneux Park,,Molyneux Park,,Australia,venue name,4,,Plunket Shield:4,
"North Dalton Park, Wollongong",Wollongong,"North Dalton Park, Wollongong",Wollongong,Australia,city,2,,Sheffield Shield:2,
North Dalton Park,Wollongong,"North Dalton Park, Wollongong",Wollongong,Australia,city,1,,Women's Big Bash League:1,
North Sydney Oval No.2,Sydney,North Sydney Oval No.2,Sydney,Australia,city,1,,Women's Big Bash League:1,
"North Sydney Oval, Sydney",Sydney,"North Sydney Oval, Sydney",Sydney,Australia,city,46,Australia:8; England:2; Pakistan:2; West Indies:2,Women's Big Bash League:30; The Marsh Cup:7,
North Sydney Oval,Sydney,"North Sydney Oval, Sydney",Sydney,Australia,city,39,Australia:8; New Zealand:3; Sri Lanka:3; England:2,Women's Big Bash League:30; Sri Lanka Women tour of Australia:3,
Nuriootpa Centennial Park,Nuriootpa,Nuriootpa Centennial Park,Nuriootpa,Australia,city,2,,Women's Big Bash League:2,
"Park 25 No 2, Adelaide",Adelaide,"Park 25 No 2, Adelaide",Adelaide,Australia,city,4,,Sheffield Shield:4,
Perth Stadium,Perth,Perth Stadium,Perth,Australia,venue name,64,Australia:11; Pakistan:5; India:3; West Indies:2,Big Bash League:48; ICC Men's T20 World Cup:4,
Perth Stadium,,Perth Stadium,Perth,Australia,venue name,4,Australia:3; England:1; South Africa:1; India:1,England tour of Australia and New Zealand:1; Women's Big Bash League:1,
Peter Burge Oval,Brisbane,Peter Burge Oval,Brisbane,Australia,city,2,Australia:2; Pakistan:2,ICC Women's Championship:2,
Queen Elizabeth II Oval,Bendigo,Queen Elizabeth II Oval,Bendigo,Australia,city,3,Vanuatu:1; Samoa:1,Women's Big Bash League:2; ICC World Cricket League East Asia-Pacific Region Qualifiers:1,
"Ray Mitchell Oval, Harrup Park, Mackay",Mackay,"Ray Mitchell Oval, Harrup Park, Mackay",Mackay,Australia,city,14,India:3; Australia:3,Women's Big Bash League:11; India Women tour of Australia:3,
"Riverway Stadium, Townsville",Townsville,"Riverway Stadium, Townsville",Townsville,Australia,city,2,Australia:1; Zimbabwe:1,The Marsh Cup:1; Zimbabwe tour of Australia:1,
"Simonds Stadium, South Geelong",Victoria,"Simonds Stadium, South Geelong",Victoria,Australia,by hand (ambiguous city),2,Australia:2; Sri Lanka:1; New Zealand:1,Sri Lanka in Australia T20I Series:1; New Zealand Women in Australia T20I Series:1,
"Simonds Stadium, South Geelong, Victoria",Geelong,"Simonds Stadium, South Geelong, Victoria",Geelong,Australia,city,6,,Big Bash League:4; Women's Big Bash League:2,
Stadium Australia,Sydney,Stadium Australia,Sydney,Australia,city,18,Australia:5; England:2; India:1; Sri Lanka:1,Big Bash League:13; India in Australia T20I Series:1,
Strathfieldsaye,Bendigo,Strathfieldsaye,Bendigo,Australia,city,1,Japan:1; Vanuatu:1,ICC World Cricket League East Asia-Pacific Region Qualifiers:1,
Sydney Cricket Ground,Sydney,Sydney Cricket Ground,Sydney,Australia,city,112,Australia:34; India:12; England:8; Pakistan:6,Big Bash League:47; Sheffield Shield:16,
Sydney Cricket Ground,,Sydney Cricket Ground,Sydney,Australia,venue name,82,Australia:54; India:14; England:12; Sri Lanka:9,Big Bash League:23; Commonwealth Bank Series:8,
Sydney Showground Stadium,Sydney,Sydney Showground Stadium,Sydney,Australia,city,40,Pakistan:2; Australia:1; India:1; South Africa:1,Big Bash League:33; ICC Women's T20 World Cup:4,
Sydney Showground Stadium,,Sydney Showground Stadium,Sydney,Australia,venue name,22,,Women's Big Bash League:14; Big Bash League:8,
"Ted Summerton Reserve, Moe",Moe,"Ted Summerton Reserve, Moe",Moe,Australia,city,3,,Women's Big Bash League:3,
Ted Summerton Reserve,Moe,"Ted Summerton Reserve, Moe",Moe,Australia,city,2,,Big Bash League:2,
Tony Ireland Stadium,Townsville,Tony Ireland Stadium,Townsville,Australia,city,3,Papua New Guinea:3; Ireland:3,Papua New Guinea v Ireland T20I Series:2; ICC Intercontinental Cup:1,
"Tony Ireland Stadium, Townsville",Townsville,Tony Ireland Stadium,Townsville,Australia,city,2,Zimbabwe:2; Australia:2,Zimbabwe tour of Australia:2,
Traeger Park,Alice Springs,Traeger Park,Alice Springs,Australia,city,6,,Women's Big Bash League:4; Big Bash League:2,
"Traeger Park, Alice Springs",Alice Springs,Traeger Park,Alice Springs,Australia,city,1,,Sheffield Shield:1,
"University Oval, Hobart",Hobart,"University Oval, Hobart",Hobart,Australia,city,2,,Women's Big Bash League:2,
"University of Tasmania Stadium, Launceston",Launceston,"University of Tasmania Stadium, Launceston",Launceston,Australia,city,8,,Big Bash League:3; The Marsh Cup:2,
W.A.C.A. Ground,Perth,W.A.C.A. Ground,Perth,Australia,by hand (ambiguous city),32,Australia:7; England:3; Pakistan:3; New Zealand:2,Women's Big Bash League:15; Big Bash League:5,
Waverley Oval,Sydney,Waverley Oval,Sydney,Australia,city,1,,Women's Big Bash League:1,
West Park Oval,Burnie,West Park Oval,Burnie,Australia,city,3,,Women's Big Bash League:3,
"Western Australia Cricket Association Ground, Perth",Perth,"Western Australia Cricket Association Ground, Perth",Perth,Australia,by hand (ambiguous city),79,Australia:4; India:2; South Africa:1; Zimbabwe:1,Sheffield Shield:29; Women's Big Bash League:26,
Western Australia Cricket Association Ground,Perth,"Western Australia Cricket Association Ground, Perth",Perth,Australia,by hand (ambiguous city),64,Australia:28; South Africa:7; England:7; India:7,Big Bash League:30; Commonwealth Bank Series:5,
White Hills Oval,Bendigo,White Hills Oval,Bendigo,Australia,city,2,Fiji:1; Indonesia:1; Japan:1; Philippines:1,ICC World Cricket League East Asia-Pacific Region Qualifiers:2,
"Ballpark Ground, Graz",Graz,"Ballpark Ground, Graz",Graz,Austria,city,2,Slovenia:2; Austria:2,Slovenia tour of Austria:2,
Seebarn Cricket Centre,Lower Austria,Seebarn Cricket Centre,Lower Austria,Austria,city,4,Germany:4; Austria:4,Germany Women tour of Austria:4,
"Seebarn Cricket Centre, Lower Austria",Lower Austria,Seebarn Cricket Centre,Lower Austria,Austria,city,1,Germany:1; Austria:1,Germany Women tour of Austria:1,
"Velden Cricket Ground, Latschach",Latschach,"Velden Cricket Ground, Latschach",Latschach,Austria,city,9,Austria:9; Switzerland:4; Belgium:4; Slovenia:1,Switzerland tour of Austria:4; Belgium tour of Austria:4,
"Bangabandhu National Stadium, Dhaka",Dhaka,"Bangabandhu National Stadium, Dhaka",Dhaka,Bangladesh,city,4,Bangladesh:3; England:3; India:1; South Africa:1,England tour of Bangladesh:3; TVS Cup (Bangladesh):1,
Bangabandhu National Stadium,Dhaka,"Bangabandhu National Stadium, Dhaka",Dhaka,Bangladesh,city,3,Bangladesh:3; India:2; Zimbabwe:1,India tour of Bangladesh:2; Zimbabwe tour of Bangladesh:1,
"Bir Sreshtho Flight Lieutenant Matiur Rahman Stadium, Chattogram",Chattogram,"Bir Sreshtho Flight Lieutenant Matiur Rahman Stadium, Chattogram",Chattogram,Bangladesh,city,11,Bangladesh:11; West Indies:3; Ireland:3; Australia:3,West Indies tour of Bangladesh:3; Ireland tour of Bangladesh:3,
Chittagong Divisional Stadium,,Chittagong Divisional Stadium,,Bangladesh,venue name,5,Bangladesh:5; Sri Lanka:2; South Africa:2; Australia:1,Sri Lanka in Bangladesh ODI Series:1; Australia in Bangladesh ODI Series:1,
Khan Shaheb Osman Ali Stadium,Fatullah,Khan Shaheb Osman Ali Stadium,Fatullah,Bangladesh,city,8,Bangladesh:4; India:3; Sri Lanka:2; Hong Kong:2,Asia Cup:5; Australia tour of Bangladesh:1,
"MA Aziz Stadium, Chittagong",Chattogram,"MA Aziz Stadium, Chittagong",Chattogram,Bangladesh,city,9,England:2; Bangladesh:2,Bangladesh Premier League:7; England tour of Bangladesh:2,
MA Aziz Stadium,Chattogram,"MA Aziz Stadium, Chittagong",Chattogram,Bangladesh,city,4,Bangladesh:4; New Zealand:2; India:1; Zimbabwe:1,New Zealand tour of Bangladesh:2; India tour of Bangladesh:1,
Narayanganj Osmani Stadium,Fatullah,Narayanganj Osmani Stadium,Fatullah,Bangladesh,city,2,Bangladesh:2; Australia:2,Australia in Bangladesh ODI Series:2,
Shaheed Chandu Stadium,Bogra,Shaheed Chandu Stadium,Bogra,Bangladesh,city,5,Bangladesh:5; Sri Lanka:3; Zimbabwe:2,Sri Lanka in Bangladesh ODI Series:2; Zimbabwe in Bangladesh ODI Series:2,
"Shahid Kamruzzaman Stadium, Rajshahi",Rajshahi,"Shahid Kamruzzaman Stadium, Rajshahi",Rajshahi,Bangladesh,city,3,Sri Lanka:3; Bangladesh:3,Sri Lanka Women tour of Bangladesh:3,
Sheikh Abu Naser Stadium,Khulna,Sheikh Abu Naser Stadium,Khulna,Bangladesh,city,9,Bangladesh:9; Zimbabwe:5; West Indies:3; Pakistan:1,Walton T20 Cricket Series:4; West Indies in Bangladesh ODI Series:2,
"Sheikh Abu Naser Stadium, Khulna",Khulna,Sheikh Abu Naser Stadium,Khulna,Bangladesh,city,7,,Bangladesh Premier League:7,
Sheikh Kamal International Cricket Stadium,Cox's Bazar,Sheikh Kamal International Cricket Stadium,Cox's Bazar,Bangladesh,city,4,Bangladesh:4; South Africa:2; Zimbabwe:2,South Africa Women in Bangladesh ODI Series:2; Zimbabwe Women tour of Bangladesh:2,
Sher-e-Bangla National Cricket Stadium,Mirpur,Sher-e-Bangla National Cricket Stadium,Mirpur,Bangladesh,city,1,Bangladesh:1; Sri Lanka:1,Sri Lanka tour of Bangladesh:1,
"Shere Bangla National Stadium, Mirpur",Dhaka,"Shere Bangla National Stadium, Mirpur",Dhaka,Bangladesh,city,360,Bangladesh:87; Australia:15; Pakistan:14; Zimbabwe:12,Bangladesh Premier League:271; New Zealand tour of Bangladesh:12,
Shere Bangla National Stadium,Mirpur,"Shere Bangla National Stadium, Mirpur",Dhaka,Bangladesh,city,132,Bangladesh:101; India:32; Pakistan:28; Sri Lanka:21,Asia Cup:22; Zimbabwe in Bangladesh ODI Series:15,
Shere Bangla National Stadium,Dhaka,"Shere Bangla National Stadium, Mirpur",Dhaka,Bangladesh,city,4,Bangladesh:4; West Indies:3; India:1,ICC Men's Cricket World Cup Super League:2; West Indies tour of Bangladesh:1,
Sylhet International Cricket Stadium,Sylhet,Sylhet International Cricket Stadium,Sylhet,Bangladesh,city,125,Bangladesh:30; Sri Lanka:12; India:10; Pakistan:6,Bangladesh Premier League:84; Women's Asia Cup:14,
"Sylhet International Cricket Stadium, Academy Ground",Sylhet,Sylhet International Cricket Stadium,Sylhet,Bangladesh,city,9,India:3; Sri Lanka:3; Malaysia:3; United Arab Emirates:3,Women's Asia Cup:9,
Sylhet International Cricket Stadium,,Sylhet International Cricket Stadium,Sylhet,Bangladesh,venue name,2,Bangladesh:2; Sri Lanka:1; Zimbabwe:1,Sri Lanka tour of Bangladesh:1; Zimbabwe tour of Bangladesh:1,
Sylhet Stadium,,Sylhet Stadium,,Bangladesh,venue name,26,Ireland:7; Sri Lanka:6; New Zealand:5; India:5,Women's World T20:20; World T20:6,
Sylhet Stadium,Sylhet,Sylhet Stadium,,Bangladesh,city,3,Ireland:3; Bangladesh:3,Ireland Women tour of Bangladesh:3,
"Zahur Ahmed Chowdhury Stadium, Chattogram",Chattogram,"Zahur Ahmed Chowdhury Stadium, Chattogram",Chattogram,Bangladesh,city,87,Bangladesh:21; Sri Lanka:5; Pakistan:4; Zimbabwe:4,Bangladesh Premier League:66; Sri Lanka tour of Bangladesh:5,
"Zahur Ahmed Chowdhury Stadium, Chittagong",Chattogram,"Zahur Ahmed Chowdhury Stadium, Chattogram",Chattogram,Bangladesh,city,34,,Bangladesh Premier League:34,
Zahur Ahmed Chowdhury Stadium,Chittagong,"Zahur Ahmed Chowdhury Stadium, Chattogram",Chattogram,Bangladesh,city,31,Bangladesh:21; Sri Lanka:7; England:6; South Africa:6,World T20:12; Zimbabwe in Bangladesh ODI Series:3,
Zahur Ahmed Chowdhury Stadium,Chattogram,"Zahur Ahmed Chowdhury Stadium, Chattogram",Chattogram,Bangladesh,city,11,Bangladesh:10; West Indies:3; Zimbabwe:3; Sri Lanka:2,West Indies tour of Bangladesh:3; Sri Lanka tour of Bangladesh:2,
Zohur Ahmed Chowdhury Stadium,Chittagong,Zohur Ahmed Chowdhury Stadium,Chittagong,Bangladesh,city,4,Bangladesh:4; Zimbabwe:2; England:2,Zimbabwe in Bangladesh ODI Series:2; England in Bangladesh ODI Series:1,
"Meersen, Gent",Ghent,"Meersen, Gent",Ghent,Belgium,city,5,Portugal:2; Malta:2; Israel:2; Spain:2,ICC Men's T20 World Cup Sub Regional Europe Qualifier Group C:5,
"Royal Brussels Cricket Club Ground, Waterloo",Waterloo,"Royal Brussels Cricket Club Ground, Waterloo",Waterloo,Belgium,by hand (ambiguous city),10,Denmark:4; Belgium:4; Gibraltar:3; Hungary:3,ICC Men's T20 World Cup Sub Regional Europe Qualifier Group C:10,
"Stars Arena Hofstade, Zemst",Zemst,"Stars Arena Hofstade, Zemst",Zemst,Belgium,city,11,Belgium:9; Portugal:5; Switzerland:4; Malta:4,Mdina Cup:7; Switzerland Women tour of Belgium:4,
Bermuda National Stadium,Hamilton,Bermuda National Stadium,Hamilton,Bermuda,by hand (ambiguous city),1,United States of America:1; Bermuda:1,ICC Men's T20 World Cup Americas Region Final:1,
"Lords, St David's Cricket Club Ground",Bermuda,"Lords, St David's Cricket Club Ground",Bermuda,Bermuda,city,3,Bermuda:2; Nepal:2; Oman:1; Italy:1,ICC World Cricket League Division Three:3,
National Stadium,Hamilton,National Stadium,Hamilton,Bermuda,by hand (ambiguous city),11,Bermuda:7; United States of America:5; Canada:3; Cayman Islands:3,ICC World Cricket League Americas Region Division One:4; ICC World Cricket League Americas Region Division One Twenty20:4,
"National Stadium, Hamilton",Hamilton,National Stadium,Hamilton,Bermuda,by hand (ambiguous city),5,Canada:3; Bermuda:3; Panama:2; Cayman Islands:2,ICC Men's T20 World Cup Americas Region Final:5,
Sea Breeze Oval,Hamilton,Sea Breeze Oval,Hamilton,Bermuda,by hand (ambiguous city),1,Argentina:1; United States of America:1,ICC World Cricket League Americas Region Division One Twenty20:1,
Somerset Cricket Club,Bermuda,Somerset Cricket Club,Bermuda,Bermuda,city,4,Italy:2; Oman:2; Nepal:1; United States of America:1,ICC World Cricket League Division Three:4,
"White Hill Field, Sandys Parish",Hamilton,"White Hill Field, Sandys Parish",Hamilton,Bermuda,by hand (ambiguous city),21,Bermuda:9; Cayman Islands:7; Canada:6; Panama:5,ICC Men's T20 World Cup Americas Region Final:12; ICC World Twenty20 Americas Sub Regional Qualifier A:9,
Gelephu International Cricket Ground,Gelephu,Gelephu International Cricket Ground,Gelephu,Bhutan,city,30,Bhutan:24; Myanmar:9; Indonesia:5; Malaysia:5,Bhutan Quadrangular T20I Series:9; Lotus Cup Women's Tri-Series:8,
"Botswana Cricket Association Oval 1, Gaborone",Gaborone,"Botswana Cricket Association Oval 1, Gaborone",Gaborone,Botswana,city,79,Botswana:35; Mozambique:19; Rwanda:15; Sierra Leone:15,BCA Kalahari Women's T20 International Tournament:28; ICC Women's T20 World Cup Africa Region Division Two Qualifier:20,
Botswana Cricket Association Oval 1,Gaborone,"Botswana Cricket Association Oval 1, Gaborone",Gaborone,Botswana,city,15,Botswana:7; Lesotho:5; Sierra Leone:4; Namibia:4,Botswana Cricket Association Women's T20I Series:8; ICC World Twenty20 Africa Region Qualifier C:7,
"Botswana Cricket Association Oval 2, Gaborone",Gaborone,"Botswana Cricket Association Oval 2, Gaborone",Gaborone,Botswana,city,53,Mozambique:14; Lesotho:13; Sierra Leone:11; Botswana:11,BCA Kalahari Women's T20 International Tournament:21; ICC Women's T20 World Cup Africa Region Division Two Qualifier:16,
Botswana Cricket Association Oval 2,Gaborone,"Botswana Cricket Association Oval 2, Gaborone",Gaborone,Botswana,city,12,Namibia:6; Malawi:5; Lesotho:4; Mozambique:3,ICC World Twenty20 Africa Region Qualifier C:8; Botswana Cricket Association Women's T20I Series:4,
Sao Fernando Polo and Cricket Club,Seropedica,Sao Fernando Polo and Cricket Club,Seropedica,Brazil,city,2,Mexico:2; Brazil:1; Argentina:1,South American Men's Championships:2,
"Sao Fernando Polo and Cricket Club, Campo Sede",Seropedica,Sao Fernando Polo and Cricket Club,Seropedica,Brazil,city,1,Panama:1; Mexico:1,South American Men's Championships:1,
"National Sports Academy, Sofia",Sofia,"National Sports Academy, Sofia",Sofia,Bulgaria,city,16,Serbia:10; Bulgaria:9; Romania:4; Greece:3,Sofia Twenty20:10; Quadrangular Twenty20 Series (Bulgaria):6,
"Vassil Levski National Sports Academy, Sofia",Sofia,"Vassil Levski National Sports Academy, Sofia",Sofia,Bulgaria,city,19,Bulgaria:13; Turkey:8; Serbia:8; Gibraltar:5,Women's T20 Quadrangular Series (in Bulgaria):8; Bulgaria Tri-Nation T20I Series:7,
Morodok Techo National Stadium,Phnom Penh,Morodok Techo National Stadium,Phnom Penh,Cambodia,city,4,Singapore:4; Cambodia:4,Singapore Women tour of Cambodia:4,
"Maple Leaf North-East Ground, King City",King City,"Maple Leaf North-East Ground, King City",King City,Canada,city,10,Canada:4; Singapore:3; Denmark:2; Qatar:2,CWC Challenge League:6; No Frills T20I Series:4,
Maple Leaf North-West Ground,Toronto,Maple Leaf North-West Ground,Toronto,Canada,city,1,Canada:1; Kenya:1,Kenya in Canada ODI Series:1,
"Maple Leaf North-West Ground, King City",King City,"Maple Leaf North-West Ground, King City",King City,Canada,city,37,Canada:22; Nepal:7; Oman:7; Cayman Islands:6,ICC Men's Cricket World Cup League 2:14; ICC Men's T20 World Cup Americas Region Final:11,
Maple Leaf North-West Ground,King City,"Maple Leaf North-West Ground, King City",King City,Canada,city,5,Canada:3; Pakistan:2; Sri Lanka:2; Netherlands:2,T20 Canada:2; ICC World Cricket League Championship:2,
Maple Leaf South-West Ground,King City,Maple Leaf South-West Ground,King City,Canada,city,1,Kenya:1; Canada:1,ICC Intercontinental Shield:1,
"Toronto Cricket, Skating and Curling Club",Toronto,"Toronto Cricket, Skating and Curling Club",Toronto,Canada,city,1,Canada:1; Ireland:1,Ireland in Canada ODI Series:1,
"Jimmy Powell Oval, Cayman Islands",George Town,"Jimmy Powell Oval, Cayman Islands",George Town,Cayman Islands,city,25,Cayman Islands:11; United States of America:6; Canada:6; Argentina:6,North America T20 Cup:13; ICC Men's T20 World Cup Sub Regional Americas Qualifier B:12,
Guanggong International Cricket Stadium,,Guanggong International Cricket Stadium,,China,venue name,4,Pakistan:3; Bangladesh:2; India:2; Sri Lanka:1,Asian Cricket Council Women's Twenty20 Asia Cup:4,
Zhejiang University of Technology Cricket Field,Hangzhou,Zhejiang University of Technology Cricket Field,Hangzhou,China,city,20,India:5; Bangladesh:5; Mongolia:5; Hong Kong:5,Women's T20I Quadrangular Series (in China):8; Asian Games Women's Cricket Competition:6,
"Los Pinos Polo Club 1, Cundinamarca",Bogota,"Los Pinos Polo Club 1, Cundinamarca",Bogota,Colombia,"by hand: not a Cricsheet international team, so never 'home'",5,Mexico:3; Panama:3; Brazil:3; Peru:1,South American Men's Championships:5,
"Los Pinos Polo Club 2, Cundinamarca",Bogota,"Los Pinos Polo Club 2, Cundinamarca",Bogota,Colombia,"by hand: not a Cricsheet international team, so never 'home'",1,Peru:1; Panama:1,South American Men's Championships:1,
Los Reyes Polo Club,Guacima,Los Reyes Polo Club,Guacima,Costa Rica,city,6,Costa Rica:6; Mexico:4; Chile:2,Central American Cricket Championships:4; Chile Women tour of Costa Rica:2,
"Mladost Cricket Ground, Zagreb",Zagreb,"Mladost Cricket Ground, Zagreb",Zagreb,Croatia,city,9,Croatia:9; Spain:5; Cyprus:4,Spain tour of Croatia:5; Cyprus tour of Croatia:4,
Happy Valley Ground,Episkopi,Happy Valley Ground,Episkopi,Cyprus,city,37,Cyprus:25; Estonia:14; Malta:7; Isle of Man:4,ICC Men's T20 World Cup Sub Regional Europe Qualifier A:12; Estonia tour of Cyprus:8,
Happy Valley Ground 2,Episkopi,Happy Valley Ground 2,Episkopi,Cyprus,city,27,Cyprus:15; Bulgaria:6; Greece:6; Austria:5,ICC Men's T20 World Cup Sub Regional Europe Qualifier A:12; Greece Women tour of Cyprus:6,
"Banks Field, Vinor",Prague,"Banks Field, Vinor",Prague,Czech Republic,city,6,Norway:4; Luxembourg:4; Czech Republic:4,Women Central Europe Cup:6,
"Scott Page Field, Vinor",Prague,"Scott Page Field, Vinor",Prague,Czech Republic,city,45,Czech Republic:32; Austria:13; Luxembourg:11; Gibraltar:6,Central Europe Cup:21; Women Central Europe Cup:9,
Albertslund Cricket Club,Copenhagen,Albertslund Cricket Club,Copenhagen,Denmark,city,6,Denmark:4; Sweden:3; Norway:2; Finland:2,Nordic Women T20 Cup:5; Switzerland Women tour of Denmark:1,
"Ishoj Cricket Club, Vejledalen",Ishoj,"Ishoj Cricket Club, Vejledalen",Ishoj,Denmark,city,10,Finland:6; Norway:5; Germany:4; Sweden:3,Nordic Women T20 Cup:5; Nordic T20 Cup:4,
Koge Cricket Club,Koge,Koge Cricket Club,Koge,Denmark,city,15,Denmark:6; Norway:5; Gibraltar:3; Serbia:3,ICC Men's T20 World Cup Sub Regional Europe Qualifier B:10; Women's T20I Quadrangular Series (in Denmark):3,
Koge Cricket Club 2,Koge,Koge Cricket Club 2,Koge,Denmark,city,2,Luxembourg:2; Austria:1; Norway:1,Women's T20I Quadrangular Series (in Denmark):2,
"Solvangs Park, Glostrup",Copenhagen,"Solvangs Park, Glostrup",Copenhagen,Denmark,city,2,Finland:2; Norway:1; Sweden:1,Nordic T20 Cup:2,
"Svanholm Park, Brondby",Brondby,"Svanholm Park, Brondby",Brondby,Denmark,city,24,Denmark:19; Finland:5; Germany:4; Sweden:3,ICC Men's T20 World Cup Sub Regional Europe Qualifier B:9; Nordic T20 Cup:4,
"Aigburth, Liverpool",Liverpool,"Aigburth, Liverpool",Liverpool,England,city,13,,Women's Cricket Super League:4; Royal London One-Day Cup:2,
Aigburth,Liverpool,"Aigburth, Liverpool",Liverpool,England,city,2,,NatWest T20 Blast:1; Vitality Blast:1,
"Ampleforth College, Ampleforth",York,"Ampleforth College, Ampleforth",York,England,city,1,,ECB Women's One-Day Cup:1,
Arundel Castle Cricket Club Ground,Arundel,Arundel Castle Cricket Club Ground,Arundel,England,city,20,,Women's Cricket Super League:3; Specsavers County Championship:3,
Arundel Castle Cricket Club Ground,,Arundel Castle Cricket Club Ground,Arundel,England,venue name,5,England:1; West Indies:1,NatWest T20 Blast:4; West Indies Women in England T20I Series:1,
Ashlyns Road,Frinton-on-Sea,Ashlyns Road,Frinton-on-Sea,England,city,3,Guernsey:2; Cayman Islands:1; Vanuatu:1; Botswana:1,ICC World Cricket League Division Six:3,
"Boughton Hall Cricket Club Ground, Chester",Chester,"Boughton Hall Cricket Club Ground, Chester",Chester,England,city,5,,Rachael Heyhoe Flint Trophy:2; Charlotte Edwards Cup:2,
"Brunton Memorial Ground, Radlett",Radlett,"Brunton Memorial Ground, Radlett",Radlett,England,city,8,,One-Day Cup:5; Bob Willis Trophy:2,
"Campbell Park, Milton Keynes",Milton Keynes,"Campbell Park, Milton Keynes",Milton Keynes,England,city,1,,Royal London One-Day Cup:1,
Castle Park Cricket Ground,Colchester,Castle Park Cricket Ground,Colchester,England,city,3,Fiji:2; Guernsey:1; Suriname:1,ICC World Cricket League Division Six:2; NatWest T20 Blast:1,
"Castle Park Cricket Ground, Colchester",Colchester,Castle Park Cricket Ground,Colchester,England,city,1,,LV= County Championship:1,
"Chester Road North Ground, Kidderminster",Kidderminster,"Chester Road North Ground, Kidderminster",Kidderminster,England,city,5,,Specsavers County Championship:2; County Championship:2,
"Clifton Park Ground, York",York,"Clifton Park Ground, York",York,England,city,10,,One-Day Cup:5; Women's Cricket Super League:3,
"College Ground, Cheltenham",Cheltenham,"College Ground, Cheltenham",Cheltenham,England,city,41,,County Championship:10; Specsavers County Championship:8,
College Ground,Cheltenham,"College Ground, Cheltenham",Cheltenham,England,city,12,,NatWest T20 Blast:8; Vitality Blast:4,
Colwyn Bay Cricket Club Ground,Colwyn Bay,Colwyn Bay Cricket Club Ground,Colwyn Bay,England,city,1,,Specsavers County Championship:1,
County Ground,Hove,County Ground,Hove,England,city,41,England:5; Australia:3; South Africa:1; West Indies:1,NatWest T20 Blast:25; Vitality Blast:11,
"County Ground, Bristol",Bristol,"County Ground, Bristol",Bristol,England,city,174,England:15; India:6; South Africa:5; Ireland:5,County Championship:30; Royal London One-Day Cup:25,
County Ground,Bristol,"County Ground, Bristol",Bristol,England,city,60,England:19; Australia:6; New Zealand:5; Sri Lanka:4,NatWest T20 Blast:20; Vitality Blast:16,
"County Ground, Chelmsford",Chelmsford,"County Ground, Chelmsford",Chelmsford,England,city,238,England:7; Bangladesh:3; Ireland:3; India:2,County Championship:41; Royal London One-Day Cup:36,
County Ground,Chelmsford,"County Ground, Chelmsford",Chelmsford,England,city,50,England:9; Australia:4; New Zealand:1; West Indies:1,NatWest T20 Blast:26; Vitality Blast:14,
"County Ground, Chelmsford",,"County Ground, Chelmsford",Chelmsford,England,venue name,1,,Royal London One-Day Cup:1,
"County Ground, Derby",Derby,"County Ground, Derby",Derby,England,city,159,England:8; New Zealand:2; South Africa:1; India:1,County Championship:36; Royal London One-Day Cup:27,
County Ground,Derby,"County Ground, Derby",Derby,England,city,45,England:9; West Indies:6; India:5; New Zealand:3,NatWest T20 Blast:19; Vitality Blast:12,
"County Ground, Hove",Brighton,"County Ground, Hove",Brighton,England,city,189,England:8; New Zealand:3; India:2; Australia:1,County Championship:41; Vitality Blast:34,
"County Ground, New Road, Worcester",Worcester,"County Ground, New Road, Worcester",Worcester,England,by hand (ambiguous city),196,England:7; New Zealand:2; Australia:2; India:1,County Championship:39; Royal London One-Day Cup:34,
"County Ground, New Road",Worcester,"County Ground, New Road, Worcester",Worcester,England,by hand (ambiguous city),44,England:4; South Africa:1; West Indies:1; Australia:1,NatWest T20 Blast:25; Vitality Blast:15,
"County Ground, Northampton",Northampton,"County Ground, Northampton",Northampton,England,city,186,England:4; India:1; South Africa:1; Sri Lanka:1,County Championship:41; Royal London One-Day Cup:32,
County Ground,Northampton,"County Ground, Northampton",Northampton,England,city,46,England:3; West Indies:2; South Africa:1,NatWest T20 Blast:27; Vitality Blast:16,
"County Ground, Taunton",Taunton,"County Ground, Taunton",Taunton,England,city,60,,Specsavers County Championship:26; Royal London One-Day Cup:18,
County Ground,Taunton,"County Ground, Taunton",Taunton,England,city,19,England:7; India:4; South Africa:3; Australia:3,ICC Women's World Cup:7; NatWest T20 Blast:6,
Cricket Field Lane,Bishop's Stortford,Cricket Field Lane,Bishop's Stortford,England,city,1,Botswana:1; Fiji:1,ICC World Cricket League Division Six:1,
"Cricket Field Road Ground, Horsham",Horsham,"Cricket Field Road Ground, Horsham",Horsham,England,city,3,,LV= County Championship:2; Royal London One-Day Cup:1,
"Edgbaston Foundation Community Sports Ground, Birmingham",Birmingham,"Edgbaston Foundation Community Sports Ground, Birmingham",Birmingham,England,city,4,,Rachael Heyhoe Flint Trophy:2; Charlotte Edwards Cup:1,
"Edgbaston, Birmingham",Birmingham,"Edgbaston, Birmingham",Birmingham,England,city,308,England:23; India:11; Pakistan:9; Australia:8,Vitality Blast:44; County Championship:41,
Edgbaston,Birmingham,"Edgbaston, Birmingham",Birmingham,England,city,113,England:35; Australia:14; India:12; Pakistan:12,NatWest T20 Blast:35; Vitality Blast:29,
"Enborne Lodge, Newbury",Newbury,"Enborne Lodge, Newbury",Newbury,England,city,3,,Charlotte Edwards Cup:1; Rachael Heyhoe Flint Trophy:1,
"FP Fenner's Ground, Cambridge",Cambridge,"FP Fenner's Ground, Cambridge",Cambridge,England,city,2,,Rachael Heyhoe Flint Trophy:1; Charlotte Edwards Cup:1,
"Farington Cricket Ground, Farington",Farington,"Farington Cricket Ground, Farington",Farington,England,city,3,,One-Day Cup:2; ECB Women's One-Day Cup:1,
"Feethams Cricket Ground, Darlington",Darlington,"Feethams Cricket Ground, Darlington",Darlington,England,city,1,,One-Day Cup:1,
Garon Park,Southend-on-Sea,Garon Park,Southend-on-Sea,England,city,1,Netherlands:1; Scotland:1,ICC Women's World Cup Qualifying Series Europe Region:1,
"Gorse Lane, Grantham",Grantham,"Gorse Lane, Grantham",Grantham,England,city,3,,Royal London One-Day Cup:3,
"Grace Road, Leicester",Leicester,"Grace Road, Leicester",Leicester,England,city,185,England:6; New Zealand:1; South Africa:1; Sri Lanka:1,County Championship:39; Royal London One-Day Cup:30,
Grace Road,Leicester,"Grace Road, Leicester",Leicester,England,city,53,Pakistan:6; England:6; South Africa:3; West Indies:3,NatWest T20 Blast:24; Vitality Blast:17,
"Guildford Bason, Merrow Down",Guildford,"Guildford Bason, Merrow Down",Guildford,England,city,1,,ECB Women's One-Day Cup:1,
Hare Field,Coggeshall,Hare Field,Coggeshall,England,city,1,Suriname:1; Vanuatu:1,ICC World Cricket League Division Six:1,
"Haslegrave Ground, Loughborough",Loughborough,"Haslegrave Ground, Loughborough",Loughborough,England,city,22,,Women's Cricket Super League:12; Rachael Heyhoe Flint Trophy:6,
Haslegrave Ground,Loughborough,"Haslegrave Ground, Loughborough",Loughborough,England,city,5,England:5; Pakistan:5,Pakistan Women in England T20I Series:4; Pakistan Women in England ODI Series:1,
"Headingley, Leeds",Leeds,"Headingley, Leeds",Leeds,England,city,223,England:13; Pakistan:4; Australia:4; India:3,County Championship:29; Vitality Blast:27,
Headingley,Leeds,"Headingley, Leeds",Leeds,England,city,73,England:27; Pakistan:6; Sri Lanka:6; South Africa:4,NatWest T20 Blast:26; Vitality Blast:18,
"Kennington Oval, London",London,"Kennington Oval, London",London,England,city,267,England:20; India:5; Australia:5; South Africa:4,County Championship:41; Royal London One-Day Cup:29,
Kennington Oval,London,"Kennington Oval, London",London,England,city,125,England:51; Australia:16; West Indies:15; South Africa:13,NatWest T20 Blast:30; Vitality Blast:21,
"Kent County Cricket Ground, Beckenham",Beckenham,"Kent County Cricket Ground, Beckenham",Beckenham,England,city,56,,Rachael Heyhoe Flint Trophy:22; Royal London One-Day Cup:10,
Kent County Cricket Ground,Beckenham,"Kent County Cricket Ground, Beckenham",Beckenham,England,city,1,,NatWest T20 Blast:1,
Kibworth Cricket Club Ground,Kibworth,Kibworth Cricket Club Ground,Kibworth,England,city,2,,Rachael Heyhoe Flint Trophy:1; One-Day Cup:1,
Kibworth Cricket Club New Ground,Kibworth,Kibworth Cricket Club New Ground,Kibworth,England,city,3,,One-Day Cup:3,
"Lindum Sports Club Ground, Lincoln",Lincoln,"Lindum Sports Club Ground, Lincoln",Lincoln,England,by hand (ambiguous city),2,,Rachael Heyhoe Flint Trophy:1; ECB Women's One-Day Cup:1,
"Lord's, London",London,"Lord's, London",London,England,city,209,England:28; India:9; Australia:7; New Zealand:5,County Championship:34; The Hundred Men's Competition:29,
Lord's,London,"Lord's, London",London,England,city,102,England:59; Australia:15; Pakistan:14; India:12,NatWest Series:17; NatWest T20 Blast:15,
"Merchant Taylors' School Ground, Northwood",Northwood,"Merchant Taylors' School Ground, Northwood",Northwood,England,city,21,,County Championship:7; Vitality Blast Men:6,
Merchant Taylors' School Ground,Northwood,"Merchant Taylors' School Ground, Northwood",Northwood,England,city,2,,NatWest T20 Blast:2,
"Millfield School, Street",Street,"Millfield School, Street",Street,England,city,1,,Rachael Heyhoe Flint Trophy:1,
"Mitchells and Butlers' Ground, Birmingham",Birmingham,"Mitchells and Butlers' Ground, Birmingham",Birmingham,England,city,6,,Royal London One-Day Cup:4; ECB Women's One-Day Cup:2,
"Nevill Ground, Tunbridge Wells",Tunbridge Wells,"Nevill Ground, Tunbridge Wells",Tunbridge Wells,England,city,5,,Specsavers County Championship:3; LV= County Championship:2,
Nevill Ground,Tunbridge Wells,"Nevill Ground, Tunbridge Wells",Tunbridge Wells,England,city,2,,NatWest T20 Blast:2,
"New Close County Cricket Ground, Newport, Isle-of-Wight",Newport,"New Close County Cricket Ground, Newport, Isle-of-Wight",Newport,England,by hand (ambiguous city),4,,Specsavers County Championship:1; Royal London One-Day Cup:1,
"New County Ground, Hove, Brighton",Brighton,"New County Ground, Hove, Brighton",Brighton,England,city,1,,Rachael Heyhoe Flint Trophy:1,
"New Farnley CC, Leeds",Leeds,"New Farnley CC, Leeds",Leeds,England,city,3,Isle of Man:3; Brazil:2; Jersey:1,Women's ICC T20 Tri-Series:3,
"North Marine Road Ground, Scarborough",Scarborough,"North Marine Road Ground, Scarborough",Scarborough,England,city,50,,Royal London One-Day Cup:11; County Championship:11,
North Marine Road Ground,Scarborough,"North Marine Road Ground, Scarborough",Scarborough,England,city,2,England:2; India:2,ICC Women's Championship:2,
Oakham School Ground,Oakham,Oakham School Ground,Oakham,England,city,2,,Royal London One-Day Cup:1; County Championship:1,
Old Deer Park,Richmond,Old Deer Park,Richmond,England,by hand (ambiguous city),7,,NatWest T20 Blast:5; Vitality Blast:2,
"Old Deer Park, Richmond",Richmond,Old Deer Park,Richmond,England,by hand (ambiguous city),1,,Vitality Blast Men:1,
"Old Edwardians Cricket Club Ground, Solihull",Solihull,"Old Edwardians Cricket Club Ground, Solihull",Solihull,England,city,1,,Rachael Heyhoe Flint Trophy:1,
"Old Trafford, Manchester",Manchester,"Old Trafford, Manchester",Manchester,England,city,232,England:13; India:6; South Africa:6; Pakistan:2,County Championship:32; Vitality Blast:25,
Old Trafford,Manchester,"Old Trafford, Manchester",Manchester,England,city,84,England:37; Australia:14; Pakistan:8; West Indies:7,NatWest T20 Blast:26; Vitality Blast:15,
"Penrhyn Avenue, Rhos-on-Sea, Colwyn Bay",Colwyn Bay,"Penrhyn Avenue, Rhos-on-Sea, Colwyn Bay",Colwyn Bay,England,city,4,,Specsavers County Championship:3; LV= County Championship:1,
"Queen's Park, Chesterfield",Chesterfield,"Queen's Park, Chesterfield",Chesterfield,England,city,25,,County Championship:5; Specsavers County Championship:3,
Queen's Park,Chesterfield,"Queen's Park, Chesterfield",Chesterfield,England,city,7,,NatWest T20 Blast:5; Vitality Blast:2,
"Racecourse Ground, Derby",Derby,"Racecourse Ground, Derby",Derby,England,city,1,,Rachael Heyhoe Flint Trophy:1,
"Radlett Cricket Club, Radlett",Radlett,"Radlett Cricket Club, Radlett",Radlett,England,city,30,,Royal London One-Day Cup:11; Vitality Blast:7,
Radlett Cricket Club,Radlett,"Radlett Cricket Club, Radlett",Radlett,England,city,1,,Vitality Blast:1,
Repton School Ground,Repton,Repton School Ground,Repton,England,city,1,,One-Day Cup:1,
"Riverside Ground, Chester-le-Street",Chester-le-Street,"Riverside Ground, Chester-le-Street",Chester-le-Street,England,city,213,England:11; India:3; New Zealand:3; Sri Lanka:2,County Championship:39; Vitality Blast:29,
Riverside Ground,Chester-le-Street,"Riverside Ground, Chester-le-Street",Chester-le-Street,England,city,70,England:22; Australia:7; West Indies:5; Sri Lanka:5,NatWest T20 Blast:27; Vitality Blast:19,
"Rookwood, Sale",Sale,"Rookwood, Sale",Sale,England,city,7,,Rachael Heyhoe Flint Trophy:5; Charlotte Edwards Cup:1,
"Roseworth Terrace, Gosforth",Gosforth,"Roseworth Terrace, Gosforth",Gosforth,England,city,14,,Royal London One-Day Cup:7; One-Day Cup:4,
"Royal Brunswick Ground, Hove, Brighton",Brighton,"Royal Brunswick Ground, Hove, Brighton",Brighton,England,city,1,,Charlotte Edwards Cup:1,
Rugby School Ground,Rugby,Rugby School Ground,Rugby,England,city,10,,One-Day Cup:9; Royal London One-Day Cup:1,
Sedbergh School,Sedbergh,Sedbergh School,Sedbergh,England,city,2,,Specsavers County Championship:1; One-Day Cup:1,
"Sir Paul Getty's Ground, Wormsley",Wormsley,"Sir Paul Getty's Ground, Wormsley",Wormsley,England,city,3,,Rachael Heyhoe Flint Trophy:3,
Sir Paul Getty's Ground,Wormsley,"Sir Paul Getty's Ground, Wormsley",Wormsley,England,city,3,England:3; India:2; Australia:1,India Women in England ODI Series:1; Women's Ashes:1,
"Sophia Gardens, Cardiff",Cardiff,"Sophia Gardens, Cardiff",Cardiff,England,city,207,England:11; Sri Lanka:3; South Africa:2; New Zealand:2,County Championship:41; Vitality Blast:27,
Sophia Gardens,Cardiff,"Sophia Gardens, Cardiff",Cardiff,England,city,75,England:24; Australia:8; Pakistan:7; Sri Lanka:6,NatWest T20 Blast:27; Vitality Blast:16,
"Spytty Park, Newport",Newport,"Spytty Park, Newport",Newport,England,by hand (ambiguous city),1,,Specsavers County Championship:1,
"St Helen's, Swansea",Swansea,"St Helen's, Swansea",Swansea,England,city,8,,Royal London One-Day Cup:5; Specsavers County Championship:2,
"St Lawrence Ground, Canterbury",Canterbury,"St Lawrence Ground, Canterbury",Canterbury,England,city,154,England:5; New Zealand:3; India:1; West Indies:1,County Championship:39; Vitality Blast:28,
St Lawrence Ground,Canterbury,"St Lawrence Ground, Canterbury",Canterbury,England,city,44,England:4; Australia:3; South Africa:1; Bangladesh:1,NatWest T20 Blast:23; Vitality Blast:16,
"Stanley Park, Blackpool",Blackpool,"Stanley Park, Blackpool",Blackpool,England,city,29,,Royal London One-Day Cup:6; Women's Cricket Super League:4,
Star Stile,Halstead,Star Stile,Halstead,England,city,1,Guernsey:1; Suriname:1,ICC World Cricket League Division Six:1,
"Taunton Vale Sports Club Ground, Taunton",Taunton,"Taunton Vale Sports Club Ground, Taunton",Taunton,England,city,2,,ECB Women's One-Day Cup:2,
"The Cooper Associates County Ground, Taunton",Taunton,"The Cooper Associates County Ground, Taunton",Taunton,England,city,172,England:7; India:2; New Zealand:1; South Africa:1,County Championship:41; Vitality Blast:30,
The Cooper Associates County Ground,Taunton,"The Cooper Associates County Ground, Taunton",Taunton,England,city,43,England:4; South Africa:3; New Zealand:2; Australia:2,Vitality Blast:19; NatWest T20 Blast:17,
"The Cricket Field, Sedbergh School",Sedbergh,"The Cricket Field, Sedbergh School",Sedbergh,England,city,4,,One-Day Cup:2; Royal London One-Day Cup:1,
"The Gnoll, Neath",Neath,"The Gnoll, Neath",Neath,England,city,8,,One-Day Cup:6; Royal London One-Day Cup:2,
"The Hills, Milverton",Milverton,"The Hills, Milverton",Milverton,England,city,1,,Cricket Ireland Inter-Provincial Limited Over Cup:1,
"The John Fretwell Sporting Complex, Nettleworth",Nettleworth,"The John Fretwell Sporting Complex, Nettleworth",Nettleworth,England,city,4,,One-Day Cup:2; Specsavers County Championship:1,
"The John Fretwell Sporting Complex, Sookholme",Sookholme,"The John Fretwell Sporting Complex, Sookholme",Sookholme,England,city,7,,One-Day Cup:7,
The Kent County Cricket Ground,Beckenham,The Kent County Cricket Ground,Beckenham,England,city,6,,NatWest T20 Blast:3; Vitality Blast:3,
"The Maer Ground, Exmouth",Exmouth,"The Maer Ground, Exmouth",Exmouth,England,city,2,,ECB Women's One-Day Cup:2,
The Rose Bowl (Nursery),Southampton,The Rose Bowl (Nursery),Southampton,England,city,1,Kenya:1; United Arab Emirates:1,ICC World Cricket League Championship:1,
"The Rose Bowl, Southampton",Southampton,"The Rose Bowl, Southampton",Southampton,England,city,296,England:13; New Zealand:6; India:4; Sri Lanka:3,County Championship:41; Royal London One-Day Cup:32,
The Rose Bowl,Southampton,"The Rose Bowl, Southampton",Southampton,England,city,85,England:37; Australia:11; Pakistan:8; West Indies:7,NatWest T20 Blast:25; Vitality Blast:17,
"The Royal & Sun Alliance County Ground, Bristol",Bristol,"The Royal & Sun Alliance County Ground, Bristol",Bristol,England,city,1,Zimbabwe:1; England:1,NatWest Series:1,
"The Saffrons, Eastbourne",Eastbourne,"The Saffrons, Eastbourne",Eastbourne,England,city,3,,Royal London One-Day Cup:3,
"Trafalgar Road Ground, Southport",Southport,"Trafalgar Road Ground, Southport",Southport,England,city,15,,County Championship:4; ECB Women's One-Day Cup:4,
"Trent Bridge, Nottingham",Nottingham,"Trent Bridge, Nottingham",Nottingham,England,city,254,England:17; India:4; New Zealand:3; Australia:3,County Championship:41; Vitality Blast:29,
Trent Bridge,Nottingham,"Trent Bridge, Nottingham",Nottingham,England,city,96,England:33; India:11; West Indies:8; Australia:8,NatWest T20 Blast:29; Vitality Blast:21,
Uxbridge Cricket Club Ground,,Uxbridge Cricket Club Ground,,England,venue name,5,,NatWest T20 Blast:4; Vitality Blast:1,
Uxbridge Cricket Club Ground,Uxbridge,Uxbridge Cricket Club Ground,,England,city,3,,Specsavers County Championship:1; Vitality Blast:1,
Welbeck Abbey Cricket Ground,Welbeck,Welbeck Abbey Cricket Ground,Welbeck,England,city,3,,Royal London One-Day Cup:3,
"Welbeck Colliery Cricket Club Ground, Market Warsop",Market Warsop,"Welbeck Colliery Cricket Club Ground, Market Warsop",Market Warsop,England,city,5,,Royal London One-Day Cup:5,
West Mersea Cricket Club,,West Mersea Cricket Club,,England,venue name,1,Norway:1; Vanuatu:1,ICC World Cricket League Division Six:1,
"Whitegate Park, Blackpool",Blackpool,"Whitegate Park, Blackpool",Blackpool,England,city,1,,Rachael Heyhoe Flint Trophy:1,
"Woodbridge Road, Guildford",Guildford,"Woodbridge Road, Guildford",Guildford,England,city,31,,Women's Cricket Super League:7; One-Day Cup:7,
York Cricket Club,York,York Cricket Club,York,England,city,13,,Royal London One-Day Cup:4; One-Day Cup:4,
Estonian National Cricket and Rugby Field,Tallinn,Estonian National Cricket and Rugby Field,Tallinn,Estonia,city,12,Estonia:12; Finland:4; Switzerland:3; Czech Republic:3,Switzerland tour of Estonia:3; Czech Republic Women tour of Estonia:3,
Malkerns Country Club oval,Malkerns,Malkerns Country Club oval,Malkerns,Eswatini,city,13,Mozambique:11; Eswatini:10; Lesotho:5,Eswatini T20 Tri-Series:8; Mozambique tour of Eswatini:5,
"Albert Park 1, Suva",Suva,"Albert Park 1, Suva",Suva,Fiji,city,12,Fiji:5; Japan:3; Cook Islands:3; Vanuatu:3,ICC Women's T20 World Cup East Asia Pacific Qualifier:10; Japan Women tour of Fiji:2,
Albert Park 1,Suva,"Albert Park 1, Suva",Suva,Fiji,city,5,Fiji:3; Vanuatu:3; Papua New Guinea:2; Samoa:2,ICC World Twenty20 East Asia-Pacific Region Qualifier A:5,
"Albert Park 2, Suva",Suva,"Albert Park 2, Suva",Suva,Fiji,city,9,Japan:3; Philippines:3; Papua New Guinea:2; Samoa:2,ICC Women's T20 World Cup East Asia Pacific Qualifier:9,
Albert Park 2,Suva,"Albert Park 2, Suva",Suva,Fiji,city,6,Papua New Guinea:3; Samoa:3; Vanuatu:3; Fiji:3,ICC World Twenty20 East Asia-Pacific Region Qualifier A:6,
Kerava National Cricket Ground,Kerava,Kerava National Cricket Ground,Kerava,Finland,city,50,Finland:19; Sweden:6; Norway:6; Isle of Man:5,ICC Men's T20 World Cup Sub Regional Europe Qualifier:23; ICC Men's T20 World Cup Sub Regional Europe Qualifier C:11,
Tikkurila Cricket Ground,Vantaa,Tikkurila Cricket Ground,Vantaa,Finland,city,34,Bulgaria:7; Sweden:5; Luxembourg:5; Czech Republic:5,ICC Men's T20 World Cup Sub Regional Europe Qualifier:21; ICC Men's T20 World Cup Sub Regional Europe Qualifier C:12,
Dreux Sport Cricket Club,Dreux,Dreux Sport Cricket Club,Dreux,France,city,7,France:5; Belgium:5; Malta:4,Mdina Cup:7,
"N'Du Stadium, Noumea, New Caledonia",Noumea,"N'Du Stadium, Noumea, New Caledonia",Noumea,France,by hand: New Caledonia (French territory; France team plays there),6,Vanuatu:4; France:3; Samoa:3; Fiji:2,The Pacific-France Women Championship:6,
Bayer Uerdingen Cricket Ground,Krefeld,Bayer Uerdingen Cricket Ground,Krefeld,Germany,city,49,Germany:28; Norway:10; Austria:8; Sweden:8,ICC Men's T20 World Cup Sub Regional Europe Qualifier:20; Germany T20 Tri-Series:13,
"GelsenTrabPark, Gelsenkirchen",Gelsenkirchen,"GelsenTrabPark, Gelsenkirchen",Gelsenkirchen,Germany,city,5,Germany:4; Sweden:3; Denmark:3,Nordic Women T20 Cup:5,
SSC Karlsruhe,Karlsruhe,SSC Karlsruhe,Karlsruhe,Germany,city,5,Germany:5; Switzerland:5,Switzerland Women tour of Germany:5,
"Achimota Senior Secondary School A Field, Accra",Accra,"Achimota Senior Secondary School A Field, Accra",Accra,Ghana,city,22,Zimbabwe:8; Namibia:5; South Africa:5; Uganda:5,Women's African Games:8; African Games:8,
"Achimota Senior Secondary School B Field, Accra",Accra,"Achimota Senior Secondary School B Field, Accra",Accra,Ghana,city,15,Tanzania:6; Nigeria:4; Ghana:4; Namibia:3,African Games:6; ICC Men's T20 World Cup Africa Sub Regional Qualifier B:6,
Europa Sports Complex,Gibraltar,Europa Sports Complex,Gibraltar,Gibraltar,city,22,Gibraltar:19; Portugal:6; Malta:6; Estonia:5,Gibraltar Tri-Nation T20I Series:9; Serbia tour of Gibraltar:4,
"Marina Ground, Corfu",Corfu,"Marina Ground, Corfu",Corfu,Greece,city,13,Greece:13; Spain:4; Germany:4; Denmark:4,Spain Women tour of Greece:4; Germany Women tour of Greece:4,
College Field,St Peter Port,College Field,St Peter Port,Guernsey,city,5,Guernsey:2; Italy:2; Germany:2; Jersey:2,ICC Men's T20 World Cup Europe Region Final:4; Isle of Man tour of Guernsey:1,
"College Field, St Peter Port",St Peter Port,College Field,St Peter Port,Guernsey,city,1,Jersey:1; Guernsey:1,Inter-Insular T20 Series:1,
"Guernsey Rovers Athletic Club Ground, Port Soif",Port  Soif,"Guernsey Rovers Athletic Club Ground, Port Soif",Port  Soif,Guernsey,city,13,Guernsey:3; Bulgaria:3; Malta:3; Finland:3,ICC Men's T20 World Cup Sub Regional Europe Qualifier Group C:12; Jersey tour of Guernsey:1,
"King George V Sports Ground, Castel",Castel,"King George V Sports Ground, Castel",Castel,Guernsey,city,19,Guernsey:11; Cyprus:3; Denmark:3; Isle of Man:3,ICC Men's T20 World Cup Sub Regional Europe Qualifier Group C:11; Isle of Man tour of Guernsey:3,
King George V Sports Ground,Castel,"King George V Sports Ground, Castel",Castel,Guernsey,city,9,Denmark:6; Guernsey:4; Norway:3; Germany:2,ICC Men's T20 World Cup Europe Region Final:9,
Hong Kong Cricket Club,Wong Nai Chung Gap,Hong Kong Cricket Club,Wong Nai Chung Gap,Hong Kong,city,8,Nepal:4; Japan:4; Tanzania:4; Hong Kong:4,Women's T20 Quadrangular Series (in Hong Kong):8,
Hong Kong Cricket Club,,Hong Kong Cricket Club,Wong Nai Chung Gap,Hong Kong,venue name,1,Japan:1; South Korea:1,East Asia Cup:1,
Kowloon Cricket Club,Kowloon,Kowloon Cricket Club,Kowloon,Hong Kong,city,26,Tanzania:2; Italy:2; Bahrain:2; Hong Kong:2,FairBreak Invitational Tournament:20; CWC Challenge League:6,
"Mission Road Ground, Mong Kok, Hong Kong",Mong Kok,"Mission Road Ground, Mong Kok, Hong Kong",Mong Kok,Hong Kong,city,54,Hong Kong:30; China:12; Kuwait:11; Malaysia:10,Quadrangular Twenty20 Series (Hong Kong):16; Women's T20 Quadrangular Series (in Hong Kong):8,
"Mission Road Ground, Mong Kok",Hong Kong,"Mission Road Ground, Mong Kok, Hong Kong",Mong Kok,Hong Kong,city,11,Hong Kong:9; Papua New Guinea:3; Netherlands:3; China:2,Papua New Guinea in Hong Kong ODI Series:3; ICC World Cricket League Championship:3,
"GB Oval, Szodliget",Szodliget,"GB Oval, Szodliget",Szodliget,Hungary,city,16,Hungary:12; Austria:7; Romania:4; Luxembourg:4,Budapest Cup:8; Slovenia tour of Hungary:3,
 Emerald Heights International School Ground,, Emerald Heights International School Ground,,India,venue name,22,,Syed Mushtaq Ali Trophy:22,
"ACA Stadium, Barsapara",,"ACA Stadium, Barsapara",,India,venue name,10,,Syed Mushtaq Ali Trophy:10,
"ACA Stadium,Mangalagiri",,"ACA Stadium, Barsapara",,India,venue name,7,,Syed Mushtaq Ali Trophy:7,
"Abhimanyu Cricket Academy, Dehradun",Dehra Dun,"Abhimanyu Cricket Academy, Dehradun",Dehra Dun,India,city,10,,Syed Mushtaq Ali Trophy:10,
"Airforce Complex ground, Palam",,"Airforce Complex ground, Palam",,India,venue name,21,,Syed Mushtaq Ali Trophy:21,
"Airforce Complex ground, Palam II",,"Airforce Complex ground, Palam",,India,venue name,14,,Syed Mushtaq Ali Trophy:14,
Alembic 1 Cricket Ground,,Alembic 1 Cricket Ground,,India,venue name,3,,Syed Mushtaq Ali Trophy:3,
Alembic 2  Cricket Ground,,Alembic 2  Cricket Ground,,India,venue name,6,,Syed Mushtaq Ali Trophy:6,
Alur Cricket Stadium,,Alur Cricket Stadium,,India,venue name,4,,Syed Mushtaq Ali Trophy:4,
Alur Cricket Stadium II,,Alur Cricket Stadium II,,India,venue name,4,,Syed Mushtaq Ali Trophy:4,
Alur Cricket Stadium III,,Alur Cricket Stadium III,,India,venue name,5,,Syed Mushtaq Ali Trophy:5,
Andhra Cricket Association-Visakhapatnam District Cricket Association Stadium,Visakhapatnam,Andhra Cricket Association-Visakhapatnam District Cricket Association Stadium,Visakhapatnam,India,city,1,India:1; Sri Lanka:1,Sri Lanka in India ODI Series:1,
"Arun Jaitley Stadium, Delhi",Delhi,"Arun Jaitley Stadium, Delhi",Delhi,India,city,55,India:7; South Africa:5; Australia:3; Sri Lanka:2,Indian Premier League:30; Women's Premier League:11,
Arun Jaitley Stadium,,"Arun Jaitley Stadium, Delhi",Delhi,India,venue name,29,,Syed Mushtaq Ali Trophy:29,
Arun Jaitley Stadium,Delhi,"Arun Jaitley Stadium, Delhi",Delhi,India,city,20,India:6; Pakistan:2; New Zealand:1; Sri Lanka:1,Indian Premier League:14; Pakistan tour of India:2,
BKC Ground,,BKC Ground,,India,venue name,12,,Syed Mushtaq Ali Trophy:12,
Barabati Stadium,,Barabati Stadium,,India,venue name,24,,Syed Mushtaq Ali Trophy:24,
Barabati Stadium,Cuttack,Barabati Stadium,,India,city,15,India:8; Sri Lanka:3; England:2; West Indies:2,Indian Premier League:7; England in India ODI Series:2,
"Barabati Stadium, Cuttack",Cuttack,Barabati Stadium,,India,city,4,India:4; South Africa:2; England:1; New Zealand:1,South Africa tour of India:2; England tour of India:1,
"Barsapara Cricket Stadium, Guwahati",Guwahati,"Barsapara Cricket Stadium, Guwahati",Guwahati,India,city,18,India:6; South Africa:4; England:3; Sri Lanka:2,Indian Premier League:8; ICC Women's World Cup:5,
Barsapara Cricket Stadium,Guwahati,"Barsapara Cricket Stadium, Guwahati",Guwahati,India,city,5,India:5; England:3; Australia:1; West Indies:1,England Women tour of India:3; Australia tour of India:1,
Bharat Ratna Shri Atal Bihari Vajpai Ekana Cricket Stadium,Lucknow,Bharat Ratna Shri Atal Bihari Vajpai Ekana Cricket Stadium,Lucknow,India,city,2,India:2; South Africa:2,India Women v South Africa Women:2,
Bharat Ratna Shri Atal Bihari Vajpayee Ekana Cricket Stadium B,,Bharat Ratna Shri Atal Bihari Vajpayee Ekana Cricket Stadium B,,India,venue name,5,,Syed Mushtaq Ali Trophy:5,
"Bharat Ratna Shri Atal Bihari Vajpayee Ekana Cricket Stadium, Lucknow",Lucknow,"Bharat Ratna Shri Atal Bihari Vajpayee Ekana Cricket Stadium, Lucknow",Lucknow,India,city,40,India:4; Sri Lanka:3; South Africa:2; Australia:2,Indian Premier League:29; ICC Cricket World Cup:4,
Bharat Ratna Shri Atal Bihari Vajpayee Ekana Cricket Stadium,Lucknow,"Bharat Ratna Shri Atal Bihari Vajpayee Ekana Cricket Stadium, Lucknow",Lucknow,India,city,7,India:7; South Africa:6; West Indies:1,South Africa Women tour of India:6; West Indies tour of India:1,
Bharat Ratna Shri Atal Bihari Vajpayee Ekana Cricket Stadium,,"Bharat Ratna Shri Atal Bihari Vajpayee Ekana Cricket Stadium, Lucknow",Lucknow,India,venue name,7,,Syed Mushtaq Ali Trophy:7,
Brabourne Stadium,Mumbai,Brabourne Stadium,Mumbai,India,city,35,Australia:11; India:10; England:10; West Indies:7,Indian Premier League:10; ICC Women's World Cup:10,
"Brabourne Stadium, Mumbai",Mumbai,Brabourne Stadium,Mumbai,India,city,35,Australia:3; India:3,Indian Premier League:17; Women's Premier League:15,
C B Patel Ground,,C B Patel Ground,,India,venue name,24,,Syed Mushtaq Ali Trophy:24,
Captain Roop Singh Stadium,Gwalior,Captain Roop Singh Stadium,Gwalior,India,city,2,India:2; Pakistan:1; South Africa:1,Pakistan in India ODI Series:1; South Africa in India ODI Series:1,
"Captain Roop Singh Stadium, Gwalior",Gwalior,Captain Roop Singh Stadium,Gwalior,India,city,1,India:1; Australia:1,TVS Cup (India):1,
Chaudhry Bansi Lal Cricket Stadium,,Chaudhry Bansi Lal Cricket Stadium,,India,venue name,4,,Syed Mushtaq Ali Trophy:4,
"Cricket Stadium, Sector-16",,"Cricket Stadium, Sector-16",,India,venue name,13,,Syed Mushtaq Ali Trophy:13,
DRIEMS Ground,,DRIEMS Ground,,India,venue name,17,,Syed Mushtaq Ali Trophy:17,
"Dr DY Patil Sports Academy, Mumbai",Navi Mumbai,"Dr DY Patil Sports Academy, Mumbai",Navi Mumbai,India,city,26,India:6; Australia:5; England:1,Women's Premier League:11; Indian Premier League:9,
"Dr DY Patil Sports Academy, Navi Mumbai",Navi Mumbai,"Dr DY Patil Sports Academy, Mumbai",Navi Mumbai,India,city,19,India:7; West Indies:3; Bangladesh:2; Sri Lanka:1,Women's Premier League:11; ICC Women's World Cup:5,
Dr DY Patil Sports Academy,Mumbai,"Dr DY Patil Sports Academy, Mumbai",Navi Mumbai,India,city,17,,Indian Premier League:17,
"Dr DY Patil Sports Academy, Mumbai",Mumbai,"Dr DY Patil Sports Academy, Mumbai",Navi Mumbai,India,city,11,,Indian Premier League:11,
Dr P.V.G. Raju ACA Sports Complex,,Dr P.V.G. Raju ACA Sports Complex,,India,venue name,12,,Syed Mushtaq Ali Trophy:12,
"Dr. Gokaraju Laila Ganga Raju ACA Cricket Complex -CP Ground,Mulapadu",,"Dr. Gokaraju Laila Ganga Raju ACA Cricket Complex -CP Ground,Mulapadu",,India,venue name,7,,Syed Mushtaq Ali Trophy:7,
"Dr. Gokaraju Laila Ganga Raju ACA Cricket Complex -DVR Ground,Mulapadu",,"Dr. Gokaraju Laila Ganga Raju ACA Cricket Complex -DVR Ground,Mulapadu",,India,venue name,14,,Syed Mushtaq Ali Trophy:14,
Dr. Y.S. Rajasekhara Reddy ACA VDCA Cricket Stadium,,Dr. Y.S. Rajasekhara Reddy ACA VDCA Cricket Stadium,,India,venue name,23,,Syed Mushtaq Ali Trophy:23,
Dr. Y.S. Rajasekhara Reddy ACA-VDCA Cricket Stadium,Visakhapatnam,Dr. Y.S. Rajasekhara Reddy ACA-VDCA Cricket Stadium,Visakhapatnam,India,city,25,India:12; West Indies:4; Sri Lanka:2; Australia:2,Indian Premier League:13; West Indies tour of India:2,
"Dr. Y.S. Rajasekhara Reddy ACA-VDCA Cricket Stadium, Visakhapatnam",Visakhapatnam,Dr. Y.S. Rajasekhara Reddy ACA-VDCA Cricket Stadium,Visakhapatnam,India,city,17,India:10; South Africa:4; Australia:4; England:2,ICC Women's World Cup:5; Indian Premier League:4,
Eden Gardens,Kolkata,Eden Gardens,Kolkata,India,city,103,India:19; England:5; West Indies:5; Sri Lanka:4,Indian Premier League:77; World T20:4,
"Eden Gardens, Kolkata",Kolkata,Eden Gardens,Kolkata,India,city,56,India:9; West Indies:6; South Africa:4; England:4,Indian Premier League:30; Syed Mushtaq Ali Trophy:7,
Eden Gardens,,Eden Gardens,Kolkata,India,venue name,17,,Syed Mushtaq Ali Trophy:17,
F B Colony Ground,,F B Colony Ground,,India,venue name,5,,Syed Mushtaq Ali Trophy:5,
Feroz Shah Kotla,Delhi,Feroz Shah Kotla,Delhi,India,city,84,India:13; Australia:6; England:5; Sri Lanka:5,Indian Premier League:60; Women's World T20:6,
"GSSS, Sector 26",,"GSSS, Sector 26",,India,venue name,12,,Syed Mushtaq Ali Trophy:12,
Gokaraju Liala Gangaaraju ACA Cricket Ground,,Gokaraju Liala Gangaaraju ACA Cricket Ground,,India,venue name,10,,Syed Mushtaq Ali Trophy:10,
Green Park,Kanpur,Green Park,Kanpur,India,city,15,India:11; South Africa:3; New Zealand:2; England:2,Indian Premier League:4; New Zealand in India Test Series:1,
"Green Park, Kanpur",Kanpur,Green Park,Kanpur,India,city,2,India:2; New Zealand:1; Bangladesh:1,New Zealand tour of India:1; Bangladesh tour of India:1,
"Greenfield International Stadium, Thiruvananthapuram",Thiruvananthapuram,"Greenfield International Stadium, Thiruvananthapuram",Thiruvananthapuram,India,city,7,India:7; Sri Lanka:4; South Africa:1; Australia:1,Sri Lanka Women tour of India:3; South Africa tour of India:1,
Greenfield International Stadium,Thiruvananthapuram,"Greenfield International Stadium, Thiruvananthapuram",Thiruvananthapuram,India,city,3,India:3; West Indies:2; New Zealand:1,West Indies tour of India:2; New Zealand tour of India:1,
Greenfield Stadium,,Greenfield Stadium,,India,venue name,13,,Syed Mushtaq Ali Trophy:13,
Gurugram Cricket Ground (SRNCC),,Gurugram Cricket Ground (SRNCC),,India,venue name,8,,Syed Mushtaq Ali Trophy:8,
Himachal Pradesh Cricket Association Stadium,Dharamsala,Himachal Pradesh Cricket Association Stadium,Dharamsala,India,city,20,India:4; England:3; Bangladesh:3; Ireland:3,Indian Premier League:9; World T20:6,
"Himachal Pradesh Cricket Association Stadium, Dharamsala",Dharamsala,Himachal Pradesh Cricket Association Stadium,Dharamsala,India,city,18,India:5; Sri Lanka:2; England:2; South Africa:2,Indian Premier League:10; ICC Cricket World Cup:4,
Himachal Pradesh Cricket Association Stadium,Dharmasala,Himachal Pradesh Cricket Association Stadium,Dharamsala,India,city,3,India:3; New Zealand:1; West Indies:1; South Africa:1,New Zealand in India ODI Series:1; West Indies in India ODI Series:1,
"Holkar Cricket Stadium, Indore",Indore,"Holkar Cricket Stadium, Indore",Indore,India,city,22,India:6; Australia:5; New Zealand:4; South Africa:3,Syed Mushtaq Ali Trophy:12; ICC Women's World Cup:5,
Holkar Cricket Stadium,Indore,"Holkar Cricket Stadium, Indore",Indore,India,city,16,India:7; Sri Lanka:2; New Zealand:1; Australia:1,Indian Premier League:9; Sri Lanka tour of India:2,
Holkar Stadium,,Holkar Stadium,,India,venue name,29,,Syed Mushtaq Ali Trophy:29,
IC-Gurunanak College Ground,,IC-Gurunanak College Ground,,India,venue name,3,,Syed Mushtaq Ali Trophy:3,
Indian Petrochemicals Corporation Limited Sports Complex Ground,Vadodara,Indian Petrochemicals Corporation Limited Sports Complex Ground,Vadodara,India,city,1,India:1; West Indies:1,West Indies in India ODI Series:1,
JSCA International Stadium Complex,Ranchi,JSCA International Stadium Complex,Ranchi,India,city,16,India:9; Australia:4; Sri Lanka:2; New Zealand:1,Indian Premier League:7; Australia tour of India:2,
"JSCA International Stadium Complex, Ranchi",Ranchi,JSCA International Stadium Complex,Ranchi,India,city,16,India:5; New Zealand:2; South Africa:2; England:1,Syed Mushtaq Ali Trophy:11; New Zealand tour of India:2,
JSCA International Stadium Complex,,JSCA International Stadium Complex,Ranchi,India,venue name,10,,Syed Mushtaq Ali Trophy:10,
"JU Second Campus, Salt Lake",,"JU Second Campus, Salt Lake",,India,venue name,9,,Syed Mushtaq Ali Trophy:9,
Jadavpur University Campus,,Jadavpur University Campus,,India,venue name,4,,Syed Mushtaq Ali Trophy:4,
"Jadavpur University Campus 2nd Ground, Kolkata",Kolkata,"Jadavpur University Campus 2nd Ground, Kolkata",Kolkata,India,city,2,,Syed Mushtaq Ali Trophy:2,
Jawaharlal Nehru Stadium,,Jawaharlal Nehru Stadium,,India,venue name,13,,Syed Mushtaq Ali Trophy:13,
"KSCA Cricket Ground, Alur",Bengaluru,"KSCA Cricket Ground, Alur",Bengaluru,India,city,2,,Syed Mushtaq Ali Trophy:2,
Keenan Stadium,Jamshedpur,Keenan Stadium,Jamshedpur,India,city,1,India:1; England:1,England in India ODI Series:1,
"Kotambi Stadium, Vadodara",Vadodara,"Kotambi Stadium, Vadodara",Vadodara,India,city,21,India:4; West Indies:3; New Zealand:1,Women's Premier League:17; West Indies Women tour of India:3,
"Lal Bahadur Shastri Stadium, Hyderabad, Deccan",Hyderabad,"Lal Bahadur Shastri Stadium, Hyderabad, Deccan",Hyderabad,India,city,1,India:1; New Zealand:1,TVS Cup (India):1,
Lalabhai Contractor Stadium,Surat,Lalabhai Contractor Stadium,Surat,India,city,4,India:4; South Africa:4,South Africa Women tour of India:4,
Lalbhai Contractor Stadium,,Lalbhai Contractor Stadium,,India,venue name,33,,Syed Mushtaq Ali Trophy:33,
M Chinnaswamy Stadium,Bangalore,M Chinnaswamy Stadium,Bangalore,India,city,90,India:16; Australia:7; England:5; New Zealand:5,Indian Premier League:65; ICC Cricket World Cup:5,
"M Chinnaswamy Stadium, Bengaluru",Bengaluru,M Chinnaswamy Stadium,Bangalore,India,city,60,India:7; Sri Lanka:3; New Zealand:3; South Africa:3,Indian Premier League:24; Women's Premier League:19,
"M Chinnaswamy Stadium, Bangalore",Bengaluru,M Chinnaswamy Stadium,Bangalore,India,city,2,India:2; South Africa:1; England:1,South Africa tour of India:1; England tour of India:1,
M Chinnaswamy Stadium,Bengaluru,M Chinnaswamy Stadium,Bangalore,India,city,1,India:1; Australia:1,Border-Gavaskar Trophy:1,
M.Chinnaswamy Stadium,Bengaluru,M.Chinnaswamy Stadium,Bengaluru,India,city,20,India:5; Australia:3; South Africa:1; Pakistan:1,Indian Premier League:15; Australia tour of India:3,
"MA Chidambaram Stadium, Chepauk",Chennai,"MA Chidambaram Stadium, Chepauk",Chennai,India,city,72,India:14; West Indies:8; England:5; New Zealand:4,Indian Premier League:48; ICC Cricket World Cup:4,
"MA Chidambaram Stadium, Chepauk, Chennai",Chennai,"MA Chidambaram Stadium, Chepauk",Chennai,India,city,57,India:10; South Africa:5; New Zealand:4; Australia:2,Indian Premier League:41; ICC Men's T20 World Cup:5,
MA Chidambaram Stadium,Chennai,"MA Chidambaram Stadium, Chepauk",Chennai,India,city,12,India:3; England:2; Australia:1,Indian Premier League:9; England tour of India:2,
Madhavrao Scindia Cricket Ground,Rajkot,Madhavrao Scindia Cricket Ground,Rajkot,India,city,4,India:4; Sri Lanka:3; England:1,Sri Lanka in India ODI Series:2; Sri Lanka tour of India:1,
"Maharaja Yadavindra Singh International Cricket Stadium, Mullanpur",Mohali,"Maharaja Yadavindra Singh International Cricket Stadium, Mullanpur",Mohali,India,city,9,,Indian Premier League:9,
"Maharaja Yadavindra Singh International Cricket Stadium, New Chandigarh",New Chandigarh,"Maharaja Yadavindra Singh International Cricket Stadium, New Chandigarh",New Chandigarh,India,city,10,India:3; Australia:2; South Africa:1,Indian Premier League:7; Australia Women tour of India:2,
"Maharaja Yadavindra Singh International Cricket Stadium, Mullanpur",New Chandigarh,"Maharaja Yadavindra Singh International Cricket Stadium, New Chandigarh",New Chandigarh,India,city,1,,Indian Premier League:1,
Maharani Usharaje Trust Cricket Ground,Indore,Maharani Usharaje Trust Cricket Ground,Indore,India,city,2,India:2; England:2,England in India ODI Series:2,
Maharashtra Cricket Association Stadium,Pune,Maharashtra Cricket Association Stadium,Pune,India,city,33,India:11; England:4; Australia:2; Sri Lanka:2,Indian Premier League:22; England tour of India:3,
"Maharashtra Cricket Association Stadium, Pune",Pune,Maharashtra Cricket Association Stadium,Pune,India,city,24,India:4; Bangladesh:2; New Zealand:2; England:2,Indian Premier League:13; Women's T20 Challenge:4,
Motibaug Cricket Ground,,Motibaug Cricket Ground,,India,venue name,13,,Syed Mushtaq Ali Trophy:13,
Nahar Singh Stadium,Faridabad,Nahar Singh Stadium,Faridabad,India,city,1,India:1; England:1,England in India ODI Series:1,
"Nahar Singh Stadium, Faridabad",Faridabad,Nahar Singh Stadium,Faridabad,India,city,1,New Zealand:1; Australia:1,TVS Cup (India):1,
"Narendra Modi Stadium Ground 'A', Motera",,"Narendra Modi Stadium Ground 'A', Motera",,India,venue name,6,,Syed Mushtaq Ali Trophy:6,
"Narendra Modi Stadium, Ahmedabad",Ahmedabad,"Narendra Modi Stadium, Ahmedabad",Ahmedabad,India,city,62,India:16; New Zealand:7; West Indies:5; South Africa:5,Indian Premier League:41; ICC Men's T20 World Cup:6,
Narendra Modi Stadium,Ahmedabad,"Narendra Modi Stadium, Ahmedabad",Ahmedabad,India,city,7,England:7; India:7,England tour of India:6; India v England:1,
Nehru Stadium,Kochi,Nehru Stadium,Kochi,India,city,9,India:4; West Indies:2; Australia:1; England:1,Indian Premier League:5; West Indies in India ODI Series:2,
Nehru Stadium,,Nehru Stadium,Kochi,India,venue name,4,,Syed Mushtaq Ali Trophy:4,
Nehru Stadium,Guwahati,Nehru Stadium,Kochi,India,city,3,India:3; Pakistan:1; Australia:1; New Zealand:1,Pakistan in India ODI Series:1; Australia in India ODI Series:1,
Nehru Stadium,Pune,Nehru Stadium,Kochi,India,city,1,Sri Lanka:1; India:1,Sri Lanka tour of India:1,
"Nehru Stadium, Poona",Pune,Nehru Stadium,Kochi,India,city,1,New Zealand:1; Australia:1,TVS Cup (India):1,
"Nehru Stadium, Fatorda",Margao,"Nehru Stadium, Fatorda",Margao,India,city,2,India:2; England:1; Sri Lanka:1,England in India ODI Series:1; Sri Lanka in India ODI Series:1,
"Niranjan Shah Stadium, Rajkot",Rajkot,"Niranjan Shah Stadium, Rajkot",Rajkot,India,city,1,India:1; New Zealand:1,New Zealand tour of India:1,
"Punjab Cricket Association IS Bindra Stadium, Mohali",Chandigarh,"Punjab Cricket Association IS Bindra Stadium, Mohali",Chandigarh,India,city,22,India:8; Australia:3; England:2; Sri Lanka:2,Indian Premier League:11; World T20:3,
"Punjab Cricket Association IS Bindra Stadium, Mohali, Chandigarh",Chandigarh,"Punjab Cricket Association IS Bindra Stadium, Mohali",Chandigarh,India,city,15,India:3; Australia:2; Sri Lanka:1,Syed Mushtaq Ali Trophy:7; Indian Premier League:5,
Punjab Cricket Association IS Bindra Stadium,Chandigarh,"Punjab Cricket Association IS Bindra Stadium, Mohali",Chandigarh,India,city,10,,Indian Premier League:10,
"Punjab Cricket Association IS Bindra Stadium, Mohali",Mohali,"Punjab Cricket Association IS Bindra Stadium, Mohali",Chandigarh,India,city,1,Sri Lanka:1; Ireland:1,Women's World T20:1,
"Punjab Cricket Association Stadium, Mohali",Chandigarh,"Punjab Cricket Association Stadium, Mohali",Chandigarh,India,city,55,India:14; Australia:7; Pakistan:4; New Zealand:3,Indian Premier League:35; ICC Champions Trophy:5,
"Punjab Cricket Association Stadium, Mohali, Chandigarh",Chandigarh,"Punjab Cricket Association Stadium, Mohali",Chandigarh,India,city,1,New Zealand:1; India:1,New Zealand tour of India:1,
"Rajiv Gandhi International Stadium, Uppal",Hyderabad,"Rajiv Gandhi International Stadium, Uppal",Hyderabad,India,city,61,India:12; Australia:4; West Indies:2; New Zealand:2,Indian Premier League:49; West Indies tour of India:2,
"Rajiv Gandhi International Stadium, Uppal, Hyderabad",Hyderabad,"Rajiv Gandhi International Stadium, Uppal",Hyderabad,India,city,33,India:4; New Zealand:2; Pakistan:2; Netherlands:2,Indian Premier League:26; ICC Cricket World Cup:3,
Rajiv Gandhi International Stadium,Hyderabad,"Rajiv Gandhi International Stadium, Uppal",Hyderabad,India,city,15,,Indian Premier League:15,
Reliance Cricket Stadium,,Reliance Cricket Stadium,,India,venue name,18,,Syed Mushtaq Ali Trophy:18,
Reliance Stadium,Vadodara,Reliance Stadium,Vadodara,India,city,9,India:9; Australia:4; South Africa:3; Sri Lanka:1,South Africa Women tour of India:3; ICC Women's Championship:2,
SSN College Ground,,SSN College Ground,,India,venue name,5,,Syed Mushtaq Ali Trophy:5,
"Sardar Patel (Gujarat) Stadium, Motera",Ahmedabad,"Sardar Patel (Gujarat) Stadium, Motera",Ahmedabad,India,city,2,India:2; Sri Lanka:1; Pakistan:1,Sri Lanka tour of India:1; Pakistan tour of India:1,
"Sardar Patel Stadium, Motera",Ahmedabad,"Sardar Patel Stadium, Motera",Ahmedabad,India,city,28,India:10; West Indies:4; Zimbabwe:4; Sri Lanka:4,Indian Premier League:12; ICC Champions Trophy:5,
Sardar Patel Stadium,Ahmedabad,"Sardar Patel Stadium, Motera",Ahmedabad,India,city,1,India:1; Sri Lanka:1,Sri Lanka tour of India:1,
"Saurashtra Cricket Association Stadium, Rajkot",Rajkot,"Saurashtra Cricket Association Stadium, Rajkot",Rajkot,India,city,20,India:8; Ireland:3; England:2; South Africa:1,Syed Mushtaq Ali Trophy:12; Ireland Women tour of India:3,
Saurashtra Cricket Association Stadium,Rajkot,"Saurashtra Cricket Association Stadium, Rajkot",Rajkot,India,city,18,India:8; England:2; Australia:2; New Zealand:1,Indian Premier League:10; England in India Test Series:1,
Saurashtra Cricket Association Stadium,,"Saurashtra Cricket Association Stadium, Rajkot",Rajkot,India,venue name,10,,Syed Mushtaq Ali Trophy:10,
Sawai Mansingh Stadium,Jaipur,Sawai Mansingh Stadium,Jaipur,India,city,57,India:5; Bangladesh:2; West Indies:2; England:2,Indian Premier League:47; ICC Champions Trophy:6,
"Sawai Mansingh Stadium, Jaipur",Jaipur,Sawai Mansingh Stadium,Jaipur,India,city,48,New Zealand:1; India:1,Syed Mushtaq Ali Trophy:22; Indian Premier League:21,
Sector 16 Stadium,Chandigarh,Sector 16 Stadium,Chandigarh,India,city,1,India:1; Australia:1,Australia in India ODI Series:1,
Shaheed Veer Narayan Singh International Stadium,,Shaheed Veer Narayan Singh International Stadium,,India,venue name,14,,Syed Mushtaq Ali Trophy:14,
"Shaheed Veer Narayan Singh International Stadium, Raipur",Raipur,Shaheed Veer Narayan Singh International Stadium,,India,city,6,India:4; New Zealand:2; Australia:1; South Africa:1,New Zealand tour of India:2; Indian Premier League:2,
Shaheed Veer Narayan Singh International Stadium,Raipur,Shaheed Veer Narayan Singh International Stadium,,India,city,6,,Indian Premier League:6,
Sharad Pawar Cricket Academy BKC,,Sharad Pawar Cricket Academy BKC,,India,venue name,10,,Syed Mushtaq Ali Trophy:10,
"Shrimant Madhavrao Scindia Cricket Stadium, Gwalior",Gwalior,"Shrimant Madhavrao Scindia Cricket Stadium, Gwalior",Gwalior,India,city,1,Bangladesh:1; India:1,Bangladesh tour of India:1,
Sri Ramachandra Medical College,,Sri Ramachandra Medical College,,India,venue name,5,,Syed Mushtaq Ali Trophy:5,
St  Pauls college ground  Kalamassery,,St  Pauls college ground  Kalamassery,,India,venue name,7,,Syed Mushtaq Ali Trophy:7,
St'Xavier's KCA Cricket Ground,,St'Xavier's KCA Cricket Ground,,India,venue name,7,,Syed Mushtaq Ali Trophy:7,
Subrata Roy Sahara Stadium,Pune,Subrata Roy Sahara Stadium,Pune,India,city,17,India:1; England:1,Indian Premier League:16; England in India T20I Series:1,
T I Murugappa Ground,,T I Murugappa Ground,,India,venue name,5,,Syed Mushtaq Ali Trophy:5,
VCA Ground,,VCA Ground,,India,venue name,7,,Syed Mushtaq Ali Trophy:7,
Vidarbha C.A. Ground,Nagpur,Vidarbha C.A. Ground,Nagpur,India,city,2,India:2; Sri Lanka:1; England:1,Sri Lanka tour of India:1; England tour of India:1,
Vidarbha Cricket Association Ground,Nagpur,Vidarbha Cricket Association Ground,Nagpur,India,city,1,India:1; Australia:1,Australia in India ODI Series:1,
"Vidarbha Cricket Association Stadium, Jamtha",Nagpur,"Vidarbha Cricket Association Stadium, Jamtha",Nagpur,India,city,30,India:18; Australia:8; England:5; South Africa:5,ICC Cricket World Cup:4; World T20:4,
"Vidarbha Cricket Association Stadium, Jamtha",,"Vidarbha Cricket Association Stadium, Jamtha",Nagpur,India,venue name,9,,Syed Mushtaq Ali Trophy:9,
"Vidarbha Cricket Association Stadium, Jamtha, Nagpur",Nagpur,"Vidarbha Cricket Association Stadium, Jamtha",Nagpur,India,city,4,India:4; Australia:2; England:1; New Zealand:1,Australia tour of India:2; England tour of India:1,
Wankhede Stadium,Mumbai,Wankhede Stadium,Mumbai,India,city,97,India:19; England:9; West Indies:6; New Zealand:4,Indian Premier League:73; England Women tour of India:3,
"Wankhede Stadium, Mumbai",Mumbai,Wankhede Stadium,Mumbai,India,city,85,India:17; England:8; Australia:6; Nepal:4,Indian Premier League:59; ICC Men's T20 World Cup:8,
Wankhede Stadium,,Wankhede Stadium,Mumbai,India,venue name,31,,Syed Mushtaq Ali Trophy:31,
Udayana Cricket Ground,Bali,Udayana Cricket Ground,Bali,Indonesia,city,98,Indonesia:87; Cambodia:23; Philippines:16; Myanmar:14,Indonesia Tri-Nation T20I Series:24; Cambodia tour of Indonesia:23,
Bready,Derry,Bready,Derry,Ireland,city,1,Ireland:1; Zimbabwe:1,Ireland v Zimbabwe:1,
"Bready Cricket Club, Magheramason",Londonderry,"Bready Cricket Club, Magheramason",Londonderry,Ireland,city,6,Ireland:3; Jersey:3; Hong Kong:2; Papua New Guinea:1,ICC World Twenty20 Qualifier:3; Hong Kong in Ireland T20I Series:1,
"Bready Cricket Club, Magheramason, Bready",Bready,"Bready Cricket Club, Magheramason, Bready",Bready,Ireland,city,42,Ireland:10; Australia:4; West Indies:4; Zimbabwe:3,Cricket Ireland Inter-Provincial Twenty20 Trophy:18; Cricket Ireland Inter-Provincial Limited Over Cup:12,
"Bready Cricket Club, Magheramason",Bready,"Bready Cricket Club, Magheramason, Bready",Bready,Ireland,city,2,Ireland:2; Zimbabwe:2,Zimbabwe tour of Netherlands and Ireland:2,
"Castle Avenue, Dublin",Dublin,"Castle Avenue, Dublin",Dublin,Ireland,city,20,Ireland:18; West Indies:7; Pakistan:6; South Africa:3,Ireland Tri-Nation Women's T20I Series:5; South Africa Women tour of Ireland:3,
Castle Avenue,Dublin,"Castle Avenue, Dublin",Dublin,Ireland,city,4,Ireland:3; West Indies:2; Bangladesh:2; Scotland:1,Ireland Tri-Nation Series:3; ICC Intercontinental Cup:1,
"Church of Ireland Young Men's Society Cricket Club Ground, Belfast",Belfast,"Church of Ireland Young Men's Society Cricket Club Ground, Belfast",Belfast,Ireland,city,2,,Cricket Ireland Inter-Provincial Limited Over Cup:1; Cricket Ireland Inter-Provincial Twenty20 Trophy:1,
"Civil Service Cricket Club, Stormont, Belfast",Belfast,"Civil Service Cricket Club, Stormont, Belfast",Belfast,Ireland,city,53,Ireland:24; Zimbabwe:6; Scotland:4; New Zealand:4,Cricket Ireland Inter-Provincial Limited Over Cup:20; Cricket Ireland Inter-Provincial Twenty20 Trophy:9,
"Civil Service Cricket Club, Stormont",Belfast,"Civil Service Cricket Club, Stormont, Belfast",Belfast,Ireland,city,26,Ireland:17; India:4; South Africa:4; Scotland:4,ICC World Twenty20 Qualifier:10; Future Cup:3,
Clontarf Cricket Club Ground,Dublin,Clontarf Cricket Club Ground,Dublin,Ireland,city,15,Ireland:9; Bangladesh:2; New Zealand:2; Netherlands:2,ICC World Twenty20 Qualifier:3; Ireland Tri-Nation Series:2,
"Clontarf Cricket Club Ground, Dublin",Dublin,Clontarf Cricket Club Ground,Dublin,Ireland,city,4,Ireland:4; Pakistan:3; Sri Lanka:1,Pakistan Women tour of Ireland:3; Sri Lanka tour of England and Ireland:1,
"Instonians Cricket Club, Shaw's Bridge Lower Ground, Belfast",Belfast,"Instonians Cricket Club, Shaw's Bridge Lower Ground, Belfast",Belfast,Ireland,city,1,,Cricket Ireland Inter-Provincial Twenty20 Trophy:1,
"Lisburn Cricket Club, Wallace Park, Lisburn",Lisburn,"Lisburn Cricket Club, Wallace Park, Lisburn",Lisburn,Ireland,city,3,,Cricket Ireland Inter-Provincial Twenty20 Trophy:2; Cricket Ireland Inter-Provincial Limited Over Cup:1,
Louth Cricket Club,,Louth Cricket Club,,Ireland,venue name,1,England:1; Pakistan:1,Pakistan Women in England ODI Series:1,
Malahide,Dublin,Malahide,Dublin,Ireland,city,4,Ireland:4; Bangladesh:2; New Zealand:2,Ireland Tri-Nation Series:4,
"Malahide, Dublin",Dublin,Malahide,Dublin,Ireland,city,2,Ireland:2; India:2,India tour of Ireland:2,
"Mardyke, Cork",Cork,"Mardyke, Cork",Cork,Ireland,city,27,,Cricket Ireland Inter-Provincial Twenty20 Trophy:16; Cricket Ireland Inter-Provincial Limited Over Cup:11,
Merrion Cricket Club Ground,Dublin,Merrion Cricket Club Ground,Dublin,Ireland,city,3,Ireland:1; Canada:1; Japan:1; Sri Lanka:1,ICC Women's World Twenty20 Qualifier:3,
"Merrion Cricket Club Ground, Dublin",Dublin,Merrion Cricket Club Ground,Dublin,Ireland,city,2,,Cricket Ireland Inter-Provincial Twenty20 Trophy:2,
New Strabane Park,Strabane,New Strabane Park,Strabane,Ireland,city,3,,Cricket Ireland Inter-Provincial Limited Over Cup:2; Cricket Ireland Inter-Provincial Twenty20 Trophy:1,
Oak Hill Cricket Club,Wicklow,Oak Hill Cricket Club,Wicklow,Ireland,city,7,,Cricket Ireland Inter-Provincial Limited Over Cup:5; Cricket Ireland Inter-Provincial Twenty20 Trophy:2,
"Observatory Lane, Rathmines, Dublin",Dublin,"Observatory Lane, Rathmines, Dublin",Dublin,Ireland,city,3,,Cricket Ireland Inter-Provincial Limited Over Cup:3,
"Observatory Lane, Rathmines",Dublin,"Observatory Lane, Rathmines, Dublin",Dublin,Ireland,city,1,Ireland:1; Pakistan:1,Pakistan Women in Ireland ODI Series:1,
"Pembroke Cricket Club, Sandymount, Dublin",Dublin,"Pembroke Cricket Club, Sandymount, Dublin",Dublin,Ireland,city,70,Ireland:8; South Africa:3; Zimbabwe:3; Sri Lanka:2,Cricket Ireland Inter-Provincial Twenty20 Trophy:46; Cricket Ireland Inter-Provincial Limited Over Cup:16,
"Pembroke Cricket Club, Sandymount",Dublin,"Pembroke Cricket Club, Sandymount, Dublin",Dublin,Ireland,city,1,Bangladesh:1; Ireland:1,Bangladesh Women tour of Ireland:1,
Sydney Parade,Dublin,Sydney Parade,Dublin,Ireland,city,2,Ireland:2; West Indies:2,West Indies Women tour of England and Ireland:2,
"The Green, Comber",Comber,"The Green, Comber",Comber,Ireland,city,13,,Cricket Ireland Inter-Provincial Twenty20 Trophy:11; Cricket Ireland Inter-Provincial Limited Over Cup:2,
The Hills Cricket Club Ground,Dublin,The Hills Cricket Club Ground,Dublin,Ireland,city,1,Ireland:1; South Africa:1,South Africa Women in Ireland ODI Series:1,
"The Lawn, Waringstown",Waringstown,"The Lawn, Waringstown",Waringstown,Ireland,city,2,,Cricket Ireland Inter-Provincial Limited Over Cup:2,
"The Village, Malahide",Dublin,"The Village, Malahide",Dublin,Ireland,city,30,Ireland:18; Scotland:7; Netherlands:6; England:3,ICC World Twenty20 Qualifier:10; Ireland Tri-Nation T20I Series:4,
"The Village, Malahide, Dublin",Dublin,"The Village, Malahide",Dublin,Ireland,city,30,Ireland:15; South Africa:4; Netherlands:3; New Zealand:3,European T20 Premier League:13; South Africa tour of Ireland:4,
"The Vineyard, Dublin",Dublin,"The Vineyard, Dublin",Dublin,Ireland,city,3,,Cricket Ireland Inter-Provincial Limited Over Cup:3,
The Vineyard,Dublin,"The Vineyard, Dublin",Dublin,Ireland,city,3,New Zealand:1; Ireland:1; Thailand:1; Zimbabwe:1,ICC Women's World Twenty20 Qualifier:2; New Zealand Women tour of Ireland and England:1,
"Woodvale Road, Eglinton",Eglinton,"Woodvale Road, Eglinton",Eglinton,Ireland,city,9,,Cricket Ireland Inter-Provincial Limited Over Cup:7; Cricket Ireland Inter-Provincial Twenty20 Trophy:2,
YMCA Cricket Club,Dublin,YMCA Cricket Club,Dublin,Ireland,city,13,Ireland:10; Pakistan:5; Australia:3; Netherlands:2,ICC Women's World Twenty20 Qualifier:5; Australia Women in Ireland T20I Series:3,
Centro Sportivo Ca'Nova,Medicina,Centro Sportivo Ca'Nova,Medicina,Italy,city,1,Cayman Islands:1; Nepal:1,ICC World Cricket League Division Four:1,
Centro Sportivo Dozza,Navile,Centro Sportivo Dozza,Navile,Italy,by hand (ambiguous city),4,Argentina:3; Tanzania:2; Nepal:1; Italy:1,ICC World Cricket League Division Four:4,
Ovale di Rastignano,Pianoro,Ovale di Rastignano,Pianoro,Italy,city,5,United States of America:4; Nepal:2; Italy:2; Argentina:2,ICC World Cricket League Division Four:5,
Roma Cricket Ground,Spinaceto,Roma Cricket Ground,Spinaceto,Italy,city,20,Italy:6; Isle of Man:6; Luxembourg:4; Germany:4,ICC Men's T20 World Cup Sub Regional Europe Qualifier:12; ICC Women's T20 World Cup Europe Division 2 Qualifier:8,
"Simar Cricket Ground, Rome",Rome,"Simar Cricket Ground, Rome",Rome,Italy,city,19,Austria:4; Isle of Man:4; Italy:4; Sweden:4,ICC Men's T20 World Cup Sub Regional Europe Qualifier:12; ICC Women's T20 World Cup Europe Division 2 Qualifier:7,
Kaizuka Cricket Ground,Osaka,Kaizuka Cricket Ground,Osaka,Japan,city,4,Japan:4; Hong Kong:4,Women's East Asia Cup:4,
"Korogi Sports Park, Nisshin",Nisshin,"Korogi Sports Park, Nisshin",Nisshin,Japan,city,7,Vanuatu:2; Fiji:2; South Korea:2; Cook Islands:2,ICC Men's T20 World Cup East Asia-Pacific Qualifier:6; Asian Games Women's Cricket Competition:1,
Sano International Cricket Ground,Sano,Sano International Cricket Ground,Sano,Japan,city,52,Japan:32; Indonesia:12; Mongolia:10; Cook Islands:9,ICC Men's T20 World Cup East Asia-Pacific Qualifier:15; Women's T20 Pentangular Series (in Japan):9,
Sano International Cricket Ground,,Sano International Cricket Ground,Sano,Japan,venue name,11,Japan:6; Vanuatu:6; Samoa:5; Papua New Guinea:4,ICC Women's World Twenty20 Qualifying Series East Asia-Pacific Region:10; East Asia Cup:1,
Sano International Cricket Ground 2,Sano,Sano International Cricket Ground 2,Sano,Japan,city,6,Philippines:4; South Korea:4; Fiji:3; Mongolia:1,Japan Twenty20 Tri-Series:5; Women's T20 Pentangular Series (in Japan):1,
"FB Fields, St Clement",St Clement,"FB Fields, St Clement",St Clement,Jersey,city,5,Sweden:3; France:3; Turkey:2; Jersey:2,ICC Women's T20 World Cup Europe Division 2 Qualifier:5,
FB Fields,St Clement,"FB Fields, St Clement",St Clement,Jersey,city,3,Oman:2; Nigeria:1; Jersey:1; Tanzania:1,ICC World Cricket League Division Five:3,
"Farmers Cricket Club Ground, St Martin",St Martin,"Farmers Cricket Club Ground, St Martin",St Martin,Jersey,city,12,Jersey:6; Kenya:4; Papua New Guinea:3; Italy:2,CWC Challenge League:12,
Farmers Cricket Club Ground,St Martin,"Farmers Cricket Club Ground, St Martin",St Martin,Jersey,city,2,Guernsey:1; Tanzania:1; Jersey:1; Nigeria:1,ICC World Cricket League Division Five:2,
"Grainville, St Saviour",St Saviour,"Grainville, St Saviour",St Saviour,Jersey,city,19,Jersey:10; Guernsey:7; Kenya:5; Kuwait:3,CWC Challenge League:12; Inter-Insular T20 Series:3,
"Grainville, St Saviour, Jersey",St Saviour,"Grainville, St Saviour",St Saviour,Jersey,city,8,Italy:4; Germany:4; Jersey:3; France:2,ICC Women's T20 World Cup Europe Division 2 Qualifier:8,
Grainville,St Saviour,"Grainville, St Saviour",St Saviour,Jersey,city,3,Oman:2; Tanzania:2; Vanuatu:1; Jersey:1,ICC World Cricket League Division Five:3,
"Gymkhana Club Ground, Nairobi",Nairobi,"Gymkhana Club Ground, Nairobi",Nairobi,Kenya,city,44,Kenya:26; Uganda:11; Rwanda:9; Botswana:7,Africa Continental Cup:16; CWC Challenge League:8,
Gymkhana Club Ground,Nairobi,"Gymkhana Club Ground, Nairobi",Nairobi,Kenya,city,25,Kenya:22; Bangladesh:5; Bermuda:5; Canada:4,ICC World Cricket League Championship:3; Kenya T20 Quadrangular Series:3,
Jaffery Sports Club Ground,Nairobi,Jaffery Sports Club Ground,Nairobi,Kenya,city,3,Qatar:2; Uganda:1; Saudi Arabia:1; Kenya:1,Kenya T20 Quadrangular Series:2; ICC World Cricket League Division One:1,
Mombasa Sports Club Ground,,Mombasa Sports Club Ground,,Kenya,venue name,5,Kenya:5; Ireland:5,Ireland in Kenya T20I Series:3; ICC World Cricket League Championship:2,
"Ruaraka Sports Club Ground, Nairobi",Nairobi,"Ruaraka Sports Club Ground, Nairobi",Nairobi,Kenya,city,13,Kenya:4; Papua New Guinea:3; Kuwait:3; Jersey:2,CWC Challenge League:7; ICC Men's T20 World Cup Sub Regional Africa Qualifier:6,
Ruaraka Sports Club Ground,Nairobi,"Ruaraka Sports Club Ground, Nairobi",Nairobi,Kenya,city,1,Bermuda:1; Netherlands:1,ICC World Cricket League Division One:1,
"Sikh Union Club Ground, Nairobi",Nairobi,"Sikh Union Club Ground, Nairobi",Nairobi,Kenya,city,16,Kenya:15; Rwanda:9; Nigeria:5; Malawi:2,Twenty20 Quadrangular (in Kenya):5; Nigeria tour of Kenya:5,
Sulabiya Ground,Kuwait City,Sulabiya Ground,Kuwait City,Kuwait,city,8,Maldives:3; Bahrain:3; Saudi Arabia:3; Qatar:3,ICC World Twenty20 Asia Region Qualifier A:8,
Tack-Tec Ground,Kuwait City,Tack-Tec Ground,Kuwait City,Kuwait,city,9,United Arab Emirates:4; Kuwait:4; Qatar:3; Saudi Arabia:3,ICC World Twenty20 Asia Region Qualifier A:9,
Pierre Werner Cricket Ground,Walferdange,Pierre Werner Cricket Ground,Walferdange,Luxembourg,city,14,Luxembourg:12; Belgium:7; Switzerland:6; Austria:2,Luxembourg Women's T20I Tri-Series:4; Belgium Women tour of Luxembourg:4,
"TCA Oval, Blantyre",Blantyre,"TCA Oval, Blantyre",Blantyre,Malawi,city,22,Malawi:13; Rwanda:9; Bahrain:6; Germany:6,Quadrangular Twenty20 Series (Malawi):11; Malawi Tri-Nation T20I Series:8,
"Bayuemas Oval, Kuala Lumpur",Kuala Lumpur,"Bayuemas Oval, Kuala Lumpur",Kuala Lumpur,Malaysia,city,141,Malaysia:67; Thailand:26; Hong Kong:23; Bahrain:22,Asian Cricket Council Women's Premier Cup:27; Quadrangular Twenty20 Series (Malaysia):13,
Bayuemas Oval,Kuala Lumpur,"Bayuemas Oval, Kuala Lumpur",Kuala Lumpur,Malaysia,city,24,Nepal:8; Singapore:8; Malaysia:8; Myanmar:4,ICC World Twenty20 Asia Region Qualifier B:11; ICC World Cricket League Division Three:6,
Johor Cricket Academy Oval,,Johor Cricket Academy Oval,,Malaysia,venue name,3,Malaysia:3; Singapore:3,Saudari Cup:3,
Johor Cricket Academy Oval,Johor,Johor Cricket Academy Oval,,Malaysia,city,2,Malaysia:2; Kuwait:2,Kuwait Women tour of Malaysia:2,
Kinrara Academy Oval,Kuala Lumpur,Kinrara Academy Oval,Kuala Lumpur,Malaysia,city,74,Malaysia:28; Pakistan:16; Australia:10; Vanuatu:8,Women's Twenty20 Asia Cup:9; ICC World Cricket League Division Four:8,
"Kinrara Academy Oval, Kuala Lumpur",Kuala Lumpur,Kinrara Academy Oval,Kuala Lumpur,Malaysia,city,24,Malaysia:8; Bangladesh:4; Sri Lanka:4; Scotland:4,Asian Cricket Council Women's T20 Championship:14; Commonwealth Games Women's Cricket Competition Qualifiers:3,
Kinrara Oval,Kuala Lumpur,Kinrara Oval,Kuala Lumpur,Malaysia,city,2,Denmark:1; Vanuatu:1; Malaysia:1; Bermuda:1,ICC World Cricket League Division Four:2,
"Kolej Tuanku Jaafar Cricket Oval, Mantin",Mantin,"Kolej Tuanku Jaafar Cricket Oval, Mantin",Mantin,Malaysia,city,6,Qatar:3; Nepal:3; Hong Kong:3; Bhutan:3,Asian Cricket Council Women's Premier Cup:6,
Royal Selangor Club,Kuala Lumpur,Royal Selangor Club,Kuala Lumpur,Malaysia,city,12,Malaysia:5; Thailand:3; Sri Lanka:3; Bermuda:2,Women's Twenty20 Asia Cup:6; ICC World Cricket League Division Four:5,
"Royal Selangor Club, Kuala Lumpur",Kuala Lumpur,Royal Selangor Club,Kuala Lumpur,Malaysia,city,6,Indonesia:1; Malaysia:1; Bahrain:1; Qatar:1,Asian Cricket Council Women's Premier Cup:6,
"Selangor Turf Club, Kuala Lumpur",Kuala Lumpur,"Selangor Turf Club, Kuala Lumpur",Kuala Lumpur,Malaysia,city,29,Malaysia:8; Kuwait:8; Hong Kong:7; United Arab Emirates:4,Asian Cricket Council Women's Premier Cup:12; Malaysia Tri-Nation T20I Series:7,
Selangor Turf Club,Kuala Lumpur,"Selangor Turf Club, Kuala Lumpur",Kuala Lumpur,Malaysia,city,21,Singapore:8; Malaysia:6; Nepal:5; Denmark:4,CWC Challenge League:7; ICC World Cricket League Division Three:6,
UKM Cricket Oval,Bandar Kinrara,UKM Cricket Oval,Bandar Kinrara,Malaysia,city,1,Malaysia:1; Denmark:1,ICC World Cricket League Division Four:1,
"UKM-YSD Cricket Oval, Bangi",Bangi,"UKM-YSD Cricket Oval, Bangi",Bangi,Malaysia,city,47,Malaysia:17; Qatar:15; Bhutan:10; Singapore:9,Quadrangular Twenty20 Series (Malaysia):22; Asian Cricket Council Women's T20 Championship:9,
UKM-YSD Cricket Oval,Bangi,"UKM-YSD Cricket Oval, Bangi",Bangi,Malaysia,city,10,China:3; Vanuatu:2; Jersey:2; Uganda:2,ICC World Twenty20 Asia Region Qualifier B:6; ICC World Cricket League Division Four:4,
"YSD-UKM Cricket Oval, Bangi",Bangi,"YSD-UKM Cricket Oval, Bangi",Bangi,Malaysia,city,38,Malaysia:8; Nepal:7; Kuwait:7; Myanmar:7,Asian Cricket Council Women's Premier Cup:20; ICC Men's T20 World Cup Asia Qualifier A:10,
Marsa Sports Club,Marsa,Marsa Sports Club,Marsa,Malta,city,69,Malta:40; Gibraltar:15; Romania:11; Hungary:10,Valletta Cup:37; Mdina Cup:6,
Las Caballerizas,Mexico City,Las Caballerizas,Mexico City,Mexico,city,1,Costa Rica:1; Mexico:1,Costa Rica Women tour of Mexico:1,
"Reforma Athletic Club, Naucalpan",Naucalpan,"Reforma Athletic Club, Naucalpan",Naucalpan,Mexico,city,11,Costa Rica:6; Mexico:6; Brazil:5; Canada:2,Central American Cricket Championships:6; ICC Women's T20 World Cup Americas Region Qualifier:3,
Affies Park,Windhoek,Affies Park,Windhoek,Namibia,city,18,Canada:6; Namibia:5; Nepal:4; Oman:4,ICC World Cricket League Division Two:17; ICC Women's World Twenty20 Qualifying Series Africa Region:1,
"Centre for Cricket Development Ground, Windhoek",Windhoek,"Centre for Cricket Development Ground, Windhoek",Windhoek,Namibia,city,10,Zimbabwe:7; Namibia:7; Uganda:6,Capricorn Women's Tri-Series:10,
"High Performance Oval, Windhoek",Windhoek,"High Performance Oval, Windhoek",Windhoek,Namibia,city,23,Uganda:11; Namibia:11; Tanzania:6; Kenya:4,ICC Women's T20 World Cup Africa Region Division One Qualifier:10; Women's T20 Quadrangular Series (in Namibia):7,
"Namibia Cricket Ground, Windhoek",Windhoek,"Namibia Cricket Ground, Windhoek",Windhoek,Namibia,city,45,Namibia:29; South Africa:9; Zimbabwe:9; Hong Kong:8,ICC Women's T20 World Cup Africa Region Division One Qualifier:10; Women's T20 Quadrangular Series (in Namibia):7,
"United Cricket Club Ground, Windhoek",Windhoek,"United Cricket Club Ground, Windhoek",Windhoek,Namibia,city,41,Namibia:21; Uganda:10; United Arab Emirates:10; Zimbabwe:7,ICC Men's Cricket World Cup League 2:11; Women's T20 Quadrangular Series (in Namibia):10,
United Cricket Club Ground,Windhoek,"United Cricket Club Ground, Windhoek",Windhoek,Namibia,city,31,Namibia:18; Botswana:9; Kenya:8; Canada:7,ICC World Cricket League Division Two:19; Botswana Women tour of Namibia:5,
Wanderers,Windhoek,Wanderers,Windhoek,Namibia,city,1,Uganda:1; Namibia:1,Uganda tour of Namibia:1,
"Wanderers Cricket Ground, Windhoek",Windhoek,"Wanderers Cricket Ground, Windhoek",Windhoek,Namibia,city,53,Namibia:34; United Arab Emirates:14; United States of America:11; Zimbabwe:10,ICC Men's Cricket World Cup League 2:12; ICC Men's T20 World Cup Africa Region Qualifier:12,
Wanderers Cricket Ground,Windhoek,"Wanderers Cricket Ground, Windhoek",Windhoek,Namibia,city,41,Namibia:23; Kenya:12; Uganda:7; Canada:7,ICC World Cricket League Division Two:17; ICC Women's World Twenty20 Qualifying Series Africa Region:11,
Mulpani Cricket Ground,Kathmandu,Mulpani Cricket Ground,Kathmandu,Nepal,city,28,United Arab Emirates:9; Hong Kong:7; Nepal:5; United States of America:5,Women's T20 World Cup Qualifier:14; Nepal Tri-Nation T20I Series:6,
Pokhara Rangasala,Pokhara,Pokhara Rangasala,Pokhara,Nepal,city,4,Nepal:3; Maldives:3; Bangladesh:2,South Asian Games Women's Cricket Competition:4,
"Tribhuvan University International Cricket Ground, Kirtipur",Kirtipur,"Tribhuvan University International Cricket Ground, Kirtipur",Kirtipur,Nepal,city,165,Nepal:67; Netherlands:24; United Arab Emirates:15; Namibia:14,Nepal Premier League:64; ICC Men's Cricket World Cup League 2:30,
Tribhuvan University International Cricket Ground,Kirtipur,"Tribhuvan University International Cricket Ground, Kirtipur",Kirtipur,Nepal,city,14,Nepal:11; Oman:4; United States of America:4; Maldives:3,ICC Men's Cricket World Cup League 2:6; ICC World Cricket League Championship:4,
"Hazelaarweg, Rotterdam",Rotterdam,"Hazelaarweg, Rotterdam",Rotterdam,Netherlands,city,20,Netherlands:13; Italy:6; Germany:6; Ireland:6,ICC Women's T20 World Cup Europe Division 1 Qualifier:12; Pakistan tour of Netherlands:3,
Hazelaarweg,Rotterdam,"Hazelaarweg, Rotterdam",Rotterdam,Netherlands,city,8,Netherlands:5; Ireland:2; Gibraltar:2; Zimbabwe:2,Netherlands Tri-Nation T20I Series:2; ICC World Twenty20 Europe Region Qualifier C:2,
Sportpark Duivesteijn,Voorburg,Sportpark Duivesteijn,Voorburg,Netherlands,city,2,France:1; Germany:1; Norway:1; Belgium:1,ICC World Cricket League Europe Region Division One:2,
"Sportpark Harga, Schiedam",Schiedam,"Sportpark Harga, Schiedam",Schiedam,Netherlands,city,3,Netherlands:3; Italy:2; Namibia:1,Italy Women tour of Netherlands:2; Namibia Women tour of Netherlands:1,
Sportpark Het Schootsveld,Deventer,Sportpark Het Schootsveld,Deventer,Netherlands,city,17,Ireland:8; Scotland:7; Netherlands:7; Thailand:4,Women's T20I Quadrangular Series (in Netherlands):10; ICC World Twenty20 Europe Region Qualifier A:3,
"Sportpark Het Schootsveld, Deventer",Deventer,Sportpark Het Schootsveld,Deventer,Netherlands,city,5,Germany:5; Guernsey:3; Austria:2,Germany tour of Netherlands:3; Austria tour of Netherlands:2,
Sportpark Het Schootsveld 2,Deventer,Sportpark Het Schootsveld 2,Deventer,Netherlands,city,1,Denmark:1; France:1,ICC World Twenty20 Europe Region Qualifier A:1,
"Sportpark Maarschalkerweerd, Utrecht",Utrecht,"Sportpark Maarschalkerweerd, Utrecht",Utrecht,Netherlands,city,35,Netherlands:28; Scotland:7; United States of America:6; Thailand:4,ICC Men's Cricket World Cup League 2:9; Thailand Women tour of Netherlands:4,
Sportpark Maarschalkerweerd,Utrecht,"Sportpark Maarschalkerweerd, Utrecht",Utrecht,Netherlands,city,14,Germany:4; Thailand:3; Netherlands:3; United Arab Emirates:3,ICC Women's T20 Qualifier:9; ICC World Twenty20 Europe Region Qualifier A:4,
Sportpark Thurlede,Schiedam,Sportpark Thurlede,Schiedam,Netherlands,city,6,Sweden:3; Norway:2; Israel:2; Belgium:1,ICC World Twenty20 Europe Region Qualifier C:4; ICC World Twenty20 Europe Region Qualifier B:2,
"Sportpark Westvliet, The Hague",The Hague,"Sportpark Westvliet, The Hague",The Hague,Netherlands,city,29,Netherlands:10; Ireland:4; United States of America:4; Scotland:3,European T20 Premier League:16; Netherlands Tri-Nation T20I Series:7,
"Sportpark Westvliet, Voorburg",The Hague,"Sportpark Westvliet, The Hague",The Hague,Netherlands,city,11,Netherlands:7; Namibia:3; Jersey:3; Guernsey:3,ICC Men's T20 World Cup Europe Region Final:8; Namibia Women tour of Netherlands:3,
Sportpark Westvliet,The Hague,"Sportpark Westvliet, The Hague",The Hague,Netherlands,city,7,Italy:3; Netherlands:3; Bangladesh:2; Spain:1,ICC World Twenty20 Europe Region Qualifier B:3; Bangladesh in Netherlands T20I Series:2,
VRA Cricket Ground,Amstelveen,VRA Cricket Ground,Amstelveen,Netherlands,city,2,India:2; Pakistan:1; Australia:1,Videocon Cup:2,
VRA Ground,Amstelveen,VRA Ground,Amstelveen,Netherlands,city,25,Netherlands:10; Scotland:6; Papua New Guinea:5; Ireland:5,ICC Women's T20 Qualifier:10; ICC World Cricket League Championship:4,
"VRA Ground, Amstelveen",Amstelveen,VRA Ground,Amstelveen,Netherlands,city,25,Netherlands:20; Scotland:8; Ireland:5; Papua New Guinea:4,Ireland Women tour of Netherlands:5; ICC Men's Cricket World Cup League 2:4,
AMI Stadium,Christchurch,AMI Stadium,Christchurch,New Zealand,city,9,New Zealand:9; India:2; Australia:2; Pakistan:2,Sri Lanka tour of New Zealand:1; England in New Zealand ODI Series:1,
"Basin Reserve, Wellington",Wellington,"Basin Reserve, Wellington",Wellington,New Zealand,by hand (ambiguous city),99,New Zealand:17; Australia:8; England:6; South Africa:5,Plunket Shield:26; Women's Super Smash:25,
Basin Reserve,Wellington,"Basin Reserve, Wellington",Wellington,New Zealand,by hand (ambiguous city),59,New Zealand:28; Pakistan:5; Bangladesh:4; South Africa:4,Super Smash:21; New Zealand Cricket Women's Twenty20:10,
"Bay Oval, Mount Maunganui",Mount Maunganui,"Bay Oval, Mount Maunganui",Mount Maunganui,New Zealand,city,53,New Zealand:22; Australia:7; Pakistan:5; South Africa:5,Super Smash:9; Women's Super Smash:9,
Bay Oval,Mount Maunganui,"Bay Oval, Mount Maunganui",Mount Maunganui,New Zealand,city,41,New Zealand:29; West Indies:6; Australia:5; India:5,Super Smash:8; West Indies tour of New Zealand:4,
Bay Oval,,"Bay Oval, Mount Maunganui",Mount Maunganui,New Zealand,venue name,9,,Plunket Shield:9,
Bert Sutcliffe Oval,Lincoln,Bert Sutcliffe Oval,Lincoln,New Zealand,by hand (ambiguous city),7,New Zealand:6; Pakistan:2; West Indies:2; Sri Lanka:2,ICC Women's Championship:5; Pakistan Women in New Zealand ODI Series:1,
"Bert Sutcliffe Oval, Lincoln",Lincoln,Bert Sutcliffe Oval,Lincoln,New Zealand,by hand (ambiguous city),1,,Plunket Shield:1,
Carisbrook,Dunedin,Carisbrook,Dunedin,New Zealand,city,1,South Africa:1; New Zealand:1,South Africa tour of New Zealand:1,
Cello Basin Reserve,,Cello Basin Reserve,,New Zealand,venue name,19,,Plunket Shield:19,
"Cobham Oval (New), Whangarei",Whangarei,"Cobham Oval (New), Whangarei",Whangarei,New Zealand,city,11,,Plunket Shield:9; Super Smash:1,
Cobham Oval (New),Whangarei,"Cobham Oval (New), Whangarei",Whangarei,New Zealand,city,2,New Zealand:2; West Indies:1; Zimbabwe:1,West Indies tour of New Zealand:1; Zimbabwe in New Zealand ODI Series:1,
"Cobham Oval, Whangarei",Whangarei,"Cobham Oval, Whangarei",Whangarei,New Zealand,city,1,,Plunket Shield:1,
"Colin Maiden Park, Auckland",Auckland,"Colin Maiden Park, Auckland",Auckland,New Zealand,city,5,,Plunket Shield:5,
Colin Maiden Park,,"Colin Maiden Park, Auckland",Auckland,New Zealand,venue name,3,,Plunket Shield:3,
"Davies Park, Queenstown",Queenstown,"Davies Park, Queenstown",Queenstown,New Zealand,city,1,India:1; New Zealand:1,India tour of New Zealand:1,
Eden Park,Auckland,Eden Park,Auckland,New Zealand,city,58,New Zealand:55; Australia:12; India:9; England:8,Chappell-Hadlee Trophy:5; India tour of New Zealand:4,
"Eden Park, Auckland",Auckland,Eden Park,Auckland,New Zealand,city,25,New Zealand:16; Australia:4; Sri Lanka:3; West Indies:3,Super Smash:4; Women's Super Smash:4,
Eden Park,,Eden Park,Auckland,New Zealand,venue name,1,,Plunket Shield:1,
"Eden Park No 2, Auckland",Auckland,"Eden Park No 2, Auckland",Auckland,New Zealand,city,9,,Plunket Shield:9,
Eden Park No 2,Auckland,"Eden Park No 2, Auckland",Auckland,New Zealand,city,1,New Zealand:1; Australia:1,Rose Bowl:1,
"Eden Park Outer Oval, Auckland",Auckland,"Eden Park Outer Oval, Auckland",Auckland,New Zealand,city,57,,Plunket Shield:20; Women's Super Smash:19,
Eden Park Outer Oval,Auckland,"Eden Park Outer Oval, Auckland",Auckland,New Zealand,city,33,New Zealand:2; South Africa:2,Super Smash:22; New Zealand Cricket Women's Twenty20:9,
"Fitzherbert Park, Palmerston North",Palmerston North,"Fitzherbert Park, Palmerston North",Palmerston North,New Zealand,city,13,,Super Smash:5; Women's Super Smash:5,
Fitzherbert Park,,"Fitzherbert Park, Palmerston North",Palmerston North,New Zealand,venue name,3,,Plunket Shield:3,
"Hagley Oval, Christchurch",Christchurch,"Hagley Oval, Christchurch",Christchurch,New Zealand,city,104,New Zealand:28; Pakistan:12; South Africa:7; England:6,Super Smash:27; Women's Super Smash:25,
Hagley Oval,Christchurch,"Hagley Oval, Christchurch",Christchurch,New Zealand,city,51,New Zealand:23; Sri Lanka:6; England:5; Bangladesh:4,Super Smash:17; New Zealand Cricket Women's Twenty20:7,
Hagley Oval,,"Hagley Oval, Christchurch",Christchurch,New Zealand,venue name,14,,Plunket Shield:14,
"Harry Barker Reserve, Gisborne",Gisborne,"Harry Barker Reserve, Gisborne",Gisborne,New Zealand,city,2,,Plunket Shield:2,
Jade Stadium,Christchurch,Jade Stadium,Christchurch,New Zealand,city,4,New Zealand:4; Sri Lanka:2; West Indies:1; England:1,Sri Lanka in New Zealand ODI Series:2; West Indies in New Zealand ODI Series:1,
"Jade Stadium, Christchurch",Christchurch,Jade Stadium,Christchurch,New Zealand,city,1,India:1; New Zealand:1,India tour of New Zealand:1,
"John Davies Oval, Queenstown",Queenstown,"John Davies Oval, Queenstown",Queenstown,New Zealand,city,18,New Zealand:10; India:6; Pakistan:2; Sri Lanka:1,India Women tour of New Zealand:6; Super Smash:4,
John Davies Oval,Queenstown,"John Davies Oval, Queenstown",Queenstown,New Zealand,city,1,Sri Lanka:1; New Zealand:1,Sri Lanka tour of New Zealand:1,
"Karori Park, Wellington",Wellington,"Karori Park, Wellington",Wellington,New Zealand,by hand (ambiguous city),3,,Plunket Shield:3,
"Mainpower Oval, Rangiora",Rangiora,"Mainpower Oval, Rangiora",Rangiora,New Zealand,city,15,,Plunket Shield:15,
Mainpower Oval,,"Mainpower Oval, Rangiora",Rangiora,New Zealand,venue name,11,,Plunket Shield:11,
Mainpower Oval,Rangiora,"Mainpower Oval, Rangiora",Rangiora,New Zealand,city,1,,Super Smash:1,
"McLean Park, Napier",Napier,"McLean Park, Napier",Napier,New Zealand,city,43,New Zealand:8; Bangladesh:3; India:2; Pakistan:1,Plunket Shield:17; Super Smash:9,
McLean Park,Napier,"McLean Park, Napier",Napier,New Zealand,city,38,New Zealand:25; Bangladesh:5; India:5; Pakistan:5,Super Smash:8; India in New Zealand ODI Series:3,
McLean Park,,"McLean Park, Napier",Napier,New Zealand,venue name,8,,Plunket Shield:8,
"Molyneux Park, Alexandra",Alexandra,"Molyneux Park, Alexandra",Alexandra,New Zealand,city,20,,Super Smash:8; Women's Super Smash:8,
Molyneux Park,Alexandra,"Molyneux Park, Alexandra",Alexandra,New Zealand,city,8,,Super Smash:6; New Zealand Cricket Women's Twenty20:2,
"Nelson Park, Napier",Napier,"Nelson Park, Napier",Napier,New Zealand,city,4,,Plunket Shield:4,
Nelson Park,,"Nelson Park, Napier",Napier,New Zealand,venue name,2,,Plunket Shield:2,
"Pukekura Park, New Plymouth",New Plymouth,"Pukekura Park, New Plymouth",New Plymouth,New Zealand,city,17,,Super Smash:8; Women's Super Smash:7,
Pukekura Park,New Plymouth,"Pukekura Park, New Plymouth",New Plymouth,New Zealand,city,13,New Zealand:1; West Indies:1,Super Smash:9; New Zealand Cricket Women's Twenty20:3,
"Queen's Park, Invercargill",Invercargill,"Queen's Park, Invercargill",Invercargill,New Zealand,city,3,,Plunket Shield:3,
Queen's Park,Invercargill,"Queen's Park, Invercargill",Invercargill,New Zealand,city,1,,Super Smash:1,
Queenstown Events Centre,,Queenstown Events Centre,,New Zealand,venue name,5,New Zealand:5; West Indies:3; Bangladesh:1; Pakistan:1,West Indies in New Zealand ODI Series:3; Bangladesh in New Zealand ODI Series:1,
Queenstown Events Centre,Queenstown,Queenstown Events Centre,,New Zealand,city,3,,Plunket Shield:3,
"Saxton Oval, Nelson",Nelson,"Saxton Oval, Nelson",Nelson,New Zealand,city,24,New Zealand:8; Sri Lanka:3; England:2; West Indies:2,Plunket Shield:8; Super Smash:4,
Saxton Oval,Nelson,"Saxton Oval, Nelson",Nelson,New Zealand,city,17,New Zealand:13; Sri Lanka:4; Bangladesh:3; Pakistan:3,ICC Cricket World Cup:3; Sri Lanka in New Zealand ODI Series:3,
Saxton Oval,,"Saxton Oval, Nelson",Nelson,New Zealand,venue name,11,,Plunket Shield:11,
Seddon Park,Hamilton,Seddon Park,Hamilton,New Zealand,venue name,73,New Zealand:53; India:11; South Africa:9; England:8,Super Smash:13; Chappell-Hadlee Trophy:4,
"Seddon Park, Hamilton",Hamilton,Seddon Park,Hamilton,New Zealand,venue name,69,New Zealand:21; England:5; India:4; Pakistan:4,Plunket Shield:15; Women's Super Smash:14,
Seddon Park,,Seddon Park,Hamilton,New Zealand,venue name,12,,Plunket Shield:12,
"Sky Stadium, Wellington",Wellington,"Sky Stadium, Wellington",Wellington,New Zealand,by hand (ambiguous city),6,New Zealand:6; Australia:2; South Africa:2; Pakistan:1,Australia tour of New Zealand:1; Pakistan tour of New Zealand:1,
Sky Stadium,Wellington,"Sky Stadium, Wellington",Wellington,New Zealand,by hand (ambiguous city),2,New Zealand:2; Australia:1; England:1,Australia tour of New Zealand:1; England Women tour of New Zealand:1,
"University Oval, Dunedin",Dunedin,"University Oval, Dunedin",Dunedin,New Zealand,city,72,New Zealand:14; Bangladesh:4; Pakistan:4; Zimbabwe:3,Plunket Shield:26; Super Smash:15,
University Oval,Dunedin,"University Oval, Dunedin",Dunedin,New Zealand,city,34,New Zealand:19; England:4; Bangladesh:4; Sri Lanka:3,Super Smash:10; New Zealand Cricket Women's Twenty20:4,
University of Otago Oval,,University of Otago Oval,,New Zealand,venue name,19,,Plunket Shield:19,
"Westpac Park, Hamilton",Hamilton,"Westpac Park, Hamilton",Hamilton,New Zealand,venue name,1,India:1; New Zealand:1,India tour of New Zealand:1,
Westpac Stadium,Wellington,Westpac Stadium,Wellington,New Zealand,venue name,38,New Zealand:36; England:10; India:7; Australia:6,ICC Cricket World Cup:4; India tour of New Zealand:3,
Westpac Stadium,,Westpac Stadium,Wellington,New Zealand,venue name,1,,Plunket Shield:1,
"Westpac Stadium, Wellington",Wellington,Westpac Stadium,Wellington,New Zealand,venue name,1,New Zealand:1; India:1,India tour of New Zealand:1,
"Nigeria Cricket Federation Oval 1, Abuja",Abuja,"Nigeria Cricket Federation Oval 1, Abuja",Abuja,Nigeria,city,24,Sierra Leone:11; Nigeria:11; Zambia:10; Rwanda:10,West Africa Trophy:20; ICC Men's T20 World Cup Sub Regional Africa Qualifier Group C:4,
"Nigeria Cricket Federation Oval 2, Abuja",Abuja,"Nigeria Cricket Federation Oval 2, Abuja",Abuja,Nigeria,city,5,Sierra Leone:2; Eswatini:2; Nigeria:2; Botswana:2,ICC Men's T20 World Cup Sub Regional Africa Qualifier Group C:5,
Tafawa Balewa Square (TBS) Cricket Oval,,Tafawa Balewa Square (TBS) Cricket Oval,,Nigeria,venue name,1,Rwanda:1; Ghana:1,Nigeria Cricket Federation Women's T20I Tournament:1,
"Tafawa Balewa Square Cricket Oval, Lagos",Lagos,"Tafawa Balewa Square Cricket Oval, Lagos",Lagos,Nigeria,city,26,Nigeria:14; Rwanda:13; Ghana:11; Sierra Leone:10,West Africa Trophy:19; Nigeria Invitational Women's T20I Tournament:4,
Tafawa Balewa Square Cricket Oval,Lagos,"Tafawa Balewa Square Cricket Oval, Lagos",Lagos,Nigeria,city,5,Sierra Leone:4; Nigeria:2; Ghana:2; Gambia:2,ICC World Twenty20 Africa Region Qualifier A:5,
University of Lagos Cricket Oval,Lagos,University of Lagos Cricket Oval,Lagos,Nigeria,city,8,Nigeria:6; Sierra Leone:6; St Helena:2; Botswana:1,Sierra Leone tour of Nigeria:5; ICC Men's T20 World Cup Sub Regional Africa Qualifier Group C:3,
"Ekeberg Cricket Ground 1, Oslo",Oslo,"Ekeberg Cricket Ground 1, Oslo",Oslo,Norway,city,3,Norway:3; Denmark:1; Guernsey:1; Estonia:1,Nordic Women T20 Cup:3,
"Ekeberg Cricket Ground 2, Oslo",Oslo,"Ekeberg Cricket Ground 2, Oslo",Oslo,Norway,city,1,Estonia:1; Denmark:1,Nordic Women T20 Cup:1,
"Stubberudmyra Cricket Ground, Oslo",Oslo,"Stubberudmyra Cricket Ground, Oslo",Oslo,Norway,city,3,Sweden:2; Norway:2; Hungary:2,Norway Tri-Nation T20I Series:3,
Al Amerat Cricket Ground Oman Cricket (Ministry Turf 1),Al Amarat,Al Amerat Cricket Ground Oman Cricket (Ministry Turf 1),Al Amarat,Oman,city,162,Oman:77; United Arab Emirates:36; Nepal:26; Bahrain:22,ICC Men's Cricket World Cup League 2:26; GCC Women's Twenty20 Championship Cup:19,
Al Amerat Cricket Ground Oman Cricket (Ministry Turf 1),,Al Amerat Cricket Ground Oman Cricket (Ministry Turf 1),Al Amarat,Oman,venue name,7,Oman:3; United States of America:3; Kenya:2; Uganda:2,ICC World Cricket League Division Three:7,
Al Amerat Cricket Ground Oman Cricket (Ministry Turf 2),Al Amarat,Al Amerat Cricket Ground Oman Cricket (Ministry Turf 2),Al Amarat,Oman,city,52,Oman:19; Bahrain:12; United Arab Emirates:11; Qatar:11,GCC Women's Twenty20 Championship Cup:11; ACC Men's Premier Cup:10,
Al Amerat Cricket Ground Oman Cricket (Ministry Turf 2),,Al Amerat Cricket Ground Oman Cricket (Ministry Turf 2),Al Amarat,Oman,venue name,6,Uganda:3; Singapore:3; Denmark:2; Oman:2,ICC World Cricket League Division Three:6,
Arbab Niaz Stadium,Peshawar,Arbab Niaz Stadium,Peshawar,Pakistan,city,3,Pakistan:3; India:2; Zimbabwe:1,India in Pakistan ODI Series:1; India tour of Pakistan:1,
"Gaddafi Stadium, Lahore",Lahore,"Gaddafi Stadium, Lahore",Lahore,Pakistan,city,124,Pakistan:43; Australia:11; South Africa:11; Ireland:10,Pakistan Super League:73; Australia tour of Pakistan:10,
Gaddafi Stadium,Lahore,"Gaddafi Stadium, Lahore",Lahore,Pakistan,city,49,Pakistan:33; Sri Lanka:9; Bangladesh:7; South Africa:7,Pakistan Super League:13; South Africa tour of Pakistan:4,
Iqbal Stadium,Faisalabad,Iqbal Stadium,Faisalabad,Pakistan,city,6,Pakistan:6; England:1; India:1; West Indies:1,England tour of Pakistan:1; India tour of Pakistan:1,
"Iqbal Stadium, Faisalabad",Faisalabad,Iqbal Stadium,Faisalabad,Pakistan,city,5,South Africa:5; Pakistan:5,South Africa tour of Pakistan:5,
Lahore City Cricket Association Ground,Lahore,Lahore City Cricket Association Ground,Lahore,Pakistan,city,7,Scotland:3; Bangladesh:3; Thailand:3; West Indies:2,ICC Women's World Cup Qualifier:7,
Multan Cricket Stadium,Multan,Multan Cricket Stadium,Multan,Pakistan,city,32,Pakistan:16; West Indies:5; England:4; South Africa:3,Pakistan Super League:16; West Indies tour of Pakistan:5,
Multan Cricket Stadium,,Multan Cricket Stadium,Multan,Pakistan,venue name,6,Pakistan:6; West Indies:2; India:1; South Africa:1,India in Pakistan ODI Series:1; West Indies tour of Pakistan:1,
"National Stadium, Karachi",Karachi,"National Stadium, Karachi",Karachi,Pakistan,city,108,Pakistan:44; West Indies:14; New Zealand:10; South Africa:8,Pakistan Super League:63; West Indies Women tour of Pakistan:11,
National Stadium,Karachi,"National Stadium, Karachi",Karachi,Pakistan,city,63,Pakistan:24; Sri Lanka:11; India:8; Bangladesh:5,Pakistan Super League:34; Asia Cup:10,
"Niaz Stadium, Hyderabad",Sind,"Niaz Stadium, Hyderabad",Sind,Pakistan,city,1,Pakistan:1; Zimbabwe:1,Zimbabwe in Pakistan ODI Series:1,
Rawalpindi Cricket Stadium,Rawalpindi,Rawalpindi Cricket Stadium,Rawalpindi,Pakistan,city,72,Pakistan:32; Sri Lanka:10; New Zealand:9; Bangladesh:5,Pakistan Super League:36; New Zealand tour of Pakistan:8,
Rawalpindi Cricket Stadium,,Rawalpindi Cricket Stadium,Rawalpindi,Pakistan,venue name,8,Pakistan:8; Zimbabwe:6; England:1; India:1,Zimbabwe tour of Pakistan:6; England tour of Pakistan:1,
Sheikhupura Stadium,,Sheikhupura Stadium,,Pakistan,venue name,1,Pakistan:1; Zimbabwe:1,Zimbabwe in Pakistan ODI Series:1,
Southend Club Cricket Stadium,Karachi,Southend Club Cricket Stadium,Karachi,Pakistan,city,6,Pakistan:6; West Indies:3; Bangladesh:3,West Indies Women tour of Pakistan and United Arab Emirates:3; Bangladesh Women in Pakistan T20I Series:2,
"Southend Club Cricket Stadium, Karachi",Karachi,Southend Club Cricket Stadium,Karachi,Pakistan,city,6,Sri Lanka:6; Pakistan:6,Sri Lanka Women tour of Pakistan:6,
"Clayton Panama, Panama City",Panama City,"Clayton Panama, Panama City",Panama City,Panama,city,7,Costa Rica:4; Turks and Caicos Island:4; Mexico:3; Panama:3,Central American Cricket Championships:7,
"Amini Park, Port Moresby",Port Moresby,"Amini Park, Port Moresby",Port Moresby,Papua New Guinea,city,32,Papua New Guinea:22; Vanuatu:10; Japan:6; Philippines:5,ICC Men's T20 World Cup East Asia-Pacific Qualifier:11; ICC Men's Cricket World Cup League 2:6,
Amini Park,Port Moresby,"Amini Park, Port Moresby",Port Moresby,Papua New Guinea,city,11,Papua New Guinea:9; Philippines:4; Vanuatu:4; Namibia:3,ICC World Twenty20 East Asia-Pacific Region Final:6; ICC World Cricket League Championship:4,
Friendship Oval,Dasmarinas,Friendship Oval,Dasmarinas,Philippines,city,11,Japan:6; Philippines:6; Indonesia:5; South Korea:5,ICC World Twenty20 East Asia-Pacific Region Qualifier B:11,
Gucherre Cricket Ground,Albergaria,Gucherre Cricket Ground,Albergaria,Portugal,city,3,Gibraltar:3; Malta:2; Portugal:1,Portugal T20 Tri-Series:3,
Santarem Cricket Ground,Albergaria,Santarem Cricket Ground,Albergaria,Portugal,city,18,Portugal:15; Norway:11; France:7; Gibraltar:3,Portugal T20 Tri-Series:9; Gibraltar tour of Portugal:3,
University of Doha for Science and Technology,Doha,University of Doha for Science and Technology,Doha,Qatar,city,13,Qatar:6; Hong Kong:3; United Arab Emirates:3; Bhutan:3,ICC Men's T20 World Cup Asia Qualifier B:10; Hong Kong tour of Qatar:2,
"West End Park International Cricket Stadium, Doha",Doha,"West End Park International Cricket Stadium, Doha",Doha,Qatar,city,60,Qatar:34; Bahrain:19; Saudi Arabia:14; Kuwait:13,ICC Men's T20 World Cup Asia Qualifier B:11; Gulf Cricket T20I Championship:10,
West End Park International Cricket Stadium,Doha,"West End Park International Cricket Stadium, Doha",Doha,Qatar,city,4,Pakistan:3; South Africa:3; Ireland:2,PCB Qatar Women's 20-over Tri-Series:4,
"Moara Vlasiei Cricket Ground, Ilfov County",Ilfov County,"Moara Vlasiei Cricket Ground, Ilfov County",Ilfov County,Romania,city,91,Romania:46; Austria:19; Malta:14; Bulgaria:13,Continental Cup:36; Women's Continental Cup:30,
Moara Vlasiei Cricket Ground,,"Moara Vlasiei Cricket Ground, Ilfov County",Ilfov County,Romania,venue name,3,Bulgaria:3; Romania:3,Balkan Cup:3,
"Gahanga B Ground, Rwanda",Kigali City,"Gahanga B Ground, Rwanda",Kigali City,Rwanda,city,61,Rwanda:27; Kenya:15; Malawi:12; Nigeria:10,Kwibuka Women's Twenty20 Tournament:34; Africa Continental Cup:12,
"Gahanga International Cricket Stadium, Rwanda",Kigali City,"Gahanga International Cricket Stadium, Rwanda",Kigali City,Rwanda,city,110,Rwanda:53; Uganda:41; Tanzania:25; Nigeria:20,Kwibuka Women's Twenty20 Tournament:31; Africa Continental Cup:25,
Gahanga International Cricket Stadium. Rwanda,Kigali City,Gahanga International Cricket Stadium. Rwanda,Kigali City,Rwanda,city,77,Rwanda:22; Tanzania:17; Nigeria:15; Kenya:14,ICC Men's T20 World Cup Sub Regional Africa Qualifier:40; Kwibuka Women's Twenty20 Tournament:24,
Gahanga International Cricket Stadium. Rwanda,,Gahanga International Cricket Stadium. Rwanda,Kigali City,Rwanda,venue name,11,Kenya:6; Rwanda:6; Uganda:5; Tanzania:5,ICC World Twenty20 Africa Region Qualifier B:11,
Integrated Polytechnic Regional Centre,Kigali City,Integrated Polytechnic Regional Centre,Kigali City,Rwanda,city,40,Uganda:9; Lesotho:7; Kenya:7; Nigeria:7,ICC Men's T20 World Cup Sub Regional Africa Qualifier:27; ICC Men's T20 World Cup Africa Region Qualifier:6,
Faleata Oval No 1,Apia,Faleata Oval No 1,Apia,Samoa,city,2,Ghana:2; Vanuatu:2,ICC World Cricket League Division Eight:2,
"Faleata Oval No 2, Apia",Apia,"Faleata Oval No 2, Apia",Apia,Samoa,city,12,Vanuatu:6; Cook Islands:6; Fiji:6; Samoa:6,ICC Men's T20 World Cup East Asia-Pacific Region Qualifier A:12,
Faleata Oval No 2,Apia,"Faleata Oval No 2, Apia",Apia,Samoa,city,1,Belgium:1; Japan:1,ICC World Cricket League Division Eight:1,
Faleata Oval No 3,Apia,Faleata Oval No 3,Apia,Samoa,city,3,Bhutan:2; Samoa:2; Japan:1; Norway:1,ICC World Cricket League Division Eight:3,
"Cambusdoon New Ground, Ayr",Ayr,"Cambusdoon New Ground, Ayr",Ayr,Scotland,city,2,Namibia:2; Nepal:2,ICC Men's Cricket World Cup League 2:2,
Cambusdoon New Ground,Ayr,"Cambusdoon New Ground, Ayr",Ayr,Scotland,city,2,Scotland:2; Kenya:1; United Arab Emirates:1,Kenya in Scotland ODI Series:1; ICC Intercontinental Cup:1,
"Forthill, Dundee",Dundee,"Forthill, Dundee",Dundee,Scotland,city,16,Scotland:11; Oman:4; Namibia:4; Nepal:4,ICC Men's Cricket World Cup League 2:16,
Forthill,Dundee,"Forthill, Dundee",Dundee,Scotland,city,10,Bangladesh:4; Thailand:4; Ireland:4; Papua New Guinea:3,ICC Women's T20 World Cup Qualifier:10,
"Goldenacre, Edinburgh",Edinburgh,"Goldenacre, Edinburgh",Edinburgh,Scotland,city,8,Austria:3; Jersey:3; Ireland:2; Italy:2,ICC Men's T20 World Cup Europe Region Qualifier:8,
Goldenacre,Edinburgh,"Goldenacre, Edinburgh",Edinburgh,Scotland,city,4,Scotland:2; Canada:2; Kenya:1; United Arab Emirates:1,ICC World Twenty20 Qualifier:4,
"Grange Cricket Club Ground, Raeburn Place, Edinburgh",Edinburgh,"Grange Cricket Club Ground, Raeburn Place, Edinburgh",Edinburgh,Scotland,city,28,Scotland:19; Ireland:5; Denmark:4; Netherlands:4,ICC Men's T20 World Cup Europe Region Qualifier:11; Scotland Women's T20I Tri-Series:6,
"Grange Cricket Club Ground, Raeburn Place",Edinburgh,"Grange Cricket Club Ground, Raeburn Place, Edinburgh",Edinburgh,Scotland,city,13,Scotland:12; United Arab Emirates:4; Hong Kong:2; Namibia:2,ICC World Cricket League Championship:4; ICC World Twenty20 Qualifier:4,
"Grange Cricket Club, Raeburn Place",Edinburgh,"Grange Cricket Club, Raeburn Place",Edinburgh,Scotland,city,3,Scotland:3; Pakistan:2; Sri Lanka:1,"Pakistan tour of Ireland, England and Scotland:2; Sri Lanka tour of England and Scotland:1",
Lochlands,Arbroath,Lochlands,Arbroath,Scotland,city,7,Scotland:3; United States of America:3; Namibia:3; Papua New Guinea:2,ICC Women's T20 World Cup Qualifier:7,
Mannofield Park,Aberdeen,Mannofield Park,Aberdeen,Scotland,city,8,Scotland:6; Oman:4; Papua New Guinea:4; Netherlands:1,ICC Men's Cricket World Cup League 2:6; ICC World Cricket League Championship:1,
"Mannofield Park, Aberdeen",Aberdeen,Mannofield Park,Aberdeen,Scotland,city,5,Scotland:4; United Arab Emirates:3; United States of America:3,ICC Men's Cricket World Cup League 2:5,
Myreside,Edinburgh,Myreside,Edinburgh,Scotland,city,4,Kenya:3; Oman:2; Netherlands:2; Canada:1,ICC World Twenty20 Qualifier:4,
New Williamfield No1 Oval,Stirling,New Williamfield No1 Oval,Stirling,Scotland,city,4,Netherlands:3; Scotland:2; United States of America:1; Canada:1,ICC Women's World Twenty20 Qualifying Series European-Americas Region:3; ICC World Twenty20 Qualifier:1,
"New Williamfield No1 Oval, Stirling",Stirling,New Williamfield No1 Oval,Stirling,Scotland,city,1,Netherlands:1; Scotland:1,Netherlands Women tour of Scotland:1,
"Titwood, Glasgow",Glasgow,"Titwood, Glasgow",Glasgow,Scotland,city,9,Scotland:7; Nepal:6; Netherlands:4; Namibia:1,Scotland T20 Tri-Series:6; ICC Men's Cricket World Cup League 2:3,
Titwood,Glasgow,"Titwood, Glasgow",Glasgow,Scotland,city,1,Scotland:1; India:1,,
Lisicji Jarak Cricket Ground,Belgrade,Lisicji Jarak Cricket Ground,Belgrade,Serbia,city,15,Serbia:14; Bulgaria:9; Croatia:3; Cyprus:2,Serbia Women's T20I Tri-Series:5; Bulgaria tour of Serbia:3,
Indian Association Ground,Singapore,Indian Association Ground,Singapore,Singapore,city,25,Singapore:10; Malaysia:9; Nepal:7; Qatar:4,ICC Men's T20 World Cup Asia Region Final:9; Singapore Twenty20 Tri-Series:5,
"Indian Association Ground, Singapore",Singapore,Indian Association Ground,Singapore,Singapore,city,10,Singapore:10; Malaysia:6; Papua New Guinea:2; Myanmar:2,Malaysia tour of Singapore:3; Saudari Cup:3,
Kallang Ground,Singapore,Kallang Ground,Singapore,Singapore,city,9,Singapore:4; Kuwait:3; Malaysia:3; Denmark:2,ICC World Cricket League Division Four:6; Asian Cricket Council Elite League:3,
Singapore Cricket Club,Padang,Singapore Cricket Club,Padang,Singapore,by hand (ambiguous city),4,Italy:2; Oman:2; Jersey:1; Singapore:1,ICC World Cricket League Division Four:4,
Singapore Cricket Club,Singapore,Singapore Cricket Club,Padang,Singapore,city,1,Bhutan:1; Kuwait:1,Asian Cricket Council Elite League:1,
Singapore National Cricket Ground,Singapore,Singapore National Cricket Ground,Singapore,Singapore,city,59,Singapore:35; Hong Kong:12; Malaysia:11; Myanmar:10,Asia Pacific Cricket Champions Trophy:20; Asian Games Men's Qualifier:13,
The Padang,Singapore,The Padang,Singapore,Singapore,city,3,Bhutan:2; Singapore:2; Saudi Arabia:1; Maldives:1,Asian Cricket Council Elite League:3,
Turf City B Cricket Ground,Singapore,Turf City B Cricket Ground,Singapore,Singapore,city,1,Singapore:1; Myanmar:1,Myanmar Women tour of Singapore:1,
"Boland Bank Park, Paarl",Paarl,"Boland Bank Park, Paarl",Paarl,South Africa,city,3,Netherlands:2; India:1; Canada:1; Sri Lanka:1,ICC World Cup:3,
Boland Bank Park,Paarl,"Boland Bank Park, Paarl",Paarl,South Africa,city,2,South Africa:2; West Indies:2,West Indies Women in South Africa ODI Series:1; West Indies Women in South Africa T20I Series:1,
"Boland Park, Paarl",Paarl,"Boland Park, Paarl",Paarl,South Africa,city,59,South Africa:7; India:3; West Indies:3; New Zealand:3,SA20:20; Mzansi Super League:11,
Boland Park,Paarl,"Boland Park, Paarl",Paarl,South Africa,city,11,South Africa:11; New Zealand:5; England:2; Bangladesh:1,New Zealand Women in South Africa ODI Series:4; Bangladesh tour of South Africa:1,
"Buffalo Park, East London",East London,"Buffalo Park, East London",East London,South Africa,city,33,South Africa:13; West Indies:5; India:5; Sri Lanka:3,Ram Slam T20 Challenge:12; South Africa Women's T20I Tri-Series:7,
Buffalo Park,East London,"Buffalo Park, East London",East London,South Africa,city,17,South Africa:12; West Indies:4; Kenya:2; Netherlands:2,Indian Premier League:3; ICC Women's Championship:3,
"Chevrolet Park, Bloemfontein",Bloemfontein,"Chevrolet Park, Bloemfontein",Bloemfontein,South Africa,city,10,,Ram Slam T20 Challenge:9; MiWAY T20 Challenge:1,
Chevrolet Park,Bloemfontein,"Chevrolet Park, Bloemfontein",Bloemfontein,South Africa,city,2,South Africa:2; Sri Lanka:1; Pakistan:1,Sri Lanka in South Africa ODI Series:1; Pakistan in South Africa ODI Series:1,
"City Oval, Pietermaritzburg",Pietermaritzburg,"City Oval, Pietermaritzburg",Pietermaritzburg,South Africa,city,4,New Zealand:1; South Africa:1; India:1; Namibia:1,CSA T20 Challenge:1; New Zealand Women tour of South Africa:1,
City Oval,Pietermaritzburg,"City Oval, Pietermaritzburg",Pietermaritzburg,South Africa,city,2,South Africa:2; Pakistan:2,Pakistan Women tour of South Africa:2,
"De Beers Diamond Oval, Kimberley",Kimberley,"De Beers Diamond Oval, Kimberley",Kimberley,South Africa,city,7,Pakistan:1; Namibia:1; Bangladesh:1; New Zealand:1,MiWAY T20 Challenge:3; Ram Slam T20 Challenge:2,
De Beers Diamond Oval,Kimberley,"De Beers Diamond Oval, Kimberley",Kimberley,South Africa,city,6,South Africa:3; Zimbabwe:1; Sri Lanka:1; New Zealand:1,Indian Premier League:3; Zimbabwe in South Africa T20I Series:1,
"Diamond Oval, Kimberley",Kimberley,"Diamond Oval, Kimberley",Kimberley,South Africa,city,16,South Africa:5; England:2; Bangladesh:2; Sri Lanka:1,Ram Slam T20 Challenge:9; CSA T20 Challenge:2,
Diamond Oval,Kimberley,"Diamond Oval, Kimberley",Kimberley,South Africa,city,6,South Africa:6; Bangladesh:3; India:1; Zimbabwe:1,ICC Women's Championship:2; Bangladesh Women tour of South Africa:2,
"Goodyear Park, Bloemfontein",Bloemfontein,"Goodyear Park, Bloemfontein",Bloemfontein,South Africa,city,5,New Zealand:2; Zimbabwe:2; Sri Lanka:1; Bangladesh:1,ICC World Cup:5,
Goodyear Park,Bloemfontein,"Goodyear Park, Bloemfontein",Bloemfontein,South Africa,city,1,South Africa:1; Zimbabwe:1,Zimbabwe in South Africa ODI Series:1,
Harlequins,Pretoria,Harlequins,Pretoria,South Africa,city,1,South Africa:1; Pakistan:1,Pakistan Women tour of South Africa:1,
"Kingsmead, Durban",Durban,"Kingsmead, Durban",Durban,South Africa,city,94,South Africa:14; India:5; Australia:4; Pakistan:3,CSA T20 Challenge:29; SA20:20,
Kingsmead,Durban,"Kingsmead, Durban",Durban,South Africa,city,71,South Africa:49; India:11; Pakistan:11; Australia:10,Indian Premier League:15; ICC World Twenty20:8,
LC de Villiers Oval,Pretoria,LC de Villiers Oval,Pretoria,South Africa,city,1,South Africa:1; Pakistan:1,Pakistan Women tour of South Africa:1,
"Mangaung Oval, Bloemfontein",Bloemfontein,"Mangaung Oval, Bloemfontein",Bloemfontein,South Africa,city,17,South Africa:6; England:3; Australia:2; Pakistan:1,CSA T20 Challenge:6; Ram Slam T20 Challenge:5,
Mangaung Oval,Bloemfontein,"Mangaung Oval, Bloemfontein",Bloemfontein,South Africa,city,9,South Africa:9; Bangladesh:5; England:2; Zimbabwe:1,Bangladesh Women tour of South Africa:3; Bangladesh tour of South Africa:2,
Moses Mabhida Stadium,Durban,Moses Mabhida Stadium,Durban,South Africa,city,1,South Africa:1; India:1,,
New Wanderers Stadium,Johannesburg,New Wanderers Stadium,Johannesburg,South Africa,city,59,South Africa:36; Australia:11; Sri Lanka:10; Pakistan:9,ICC World Twenty20:9; Indian Premier League:8,
"New Wanderers Stadium, Johannesburg",Johannesburg,New Wanderers Stadium,Johannesburg,South Africa,city,41,South Africa:2; Australia:2; India:2; West Indies:1,Ram Slam T20 Challenge:13; Mzansi Super League:9,
"Newlands, Cape Town",Cape Town,"Newlands, Cape Town",Cape Town,South Africa,city,80,South Africa:12; India:7; Pakistan:7; West Indies:4,SA20:23; Ram Slam T20 Challenge:13,
Newlands,Cape Town,"Newlands, Cape Town",Cape Town,South Africa,city,72,South Africa:58; Australia:15; England:14; Pakistan:10,ICC World Twenty20:9; Indian Premier League:7,
"North West Cricket Stadium, Potchefstroom",Potchefstroom,"North West Cricket Stadium, Potchefstroom",Potchefstroom,South Africa,city,2,Kenya:1; South Africa:1; Australia:1; Namibia:1,ICC World Cup:2,
North-West University No1 Ground,Potchefstroom,North-West University No1 Ground,Potchefstroom,South Africa,city,6,India:3; Ireland:3; South Africa:3; Zimbabwe:3,Women's Quadrangular Series (in South Africa):6,
OUTsurance Oval,Bloemfontein,OUTsurance Oval,Bloemfontein,South Africa,city,6,South Africa:4; Zimbabwe:2; Bangladesh:1; Kenya:1,Indian Premier League:2; Bangladesh in South Africa Test Series:1,
Sedgars Park,Potchefstroom,Sedgars Park,Potchefstroom,South Africa,city,2,South Africa:1; Zimbabwe:1; Bermuda:1; Canada:1,Zimbabwe in South Africa ODI Series:1; ICC Tri-Series (in South Africa):1,
"Sedgars Park, Potchefstroom",Potchefstroom,Sedgars Park,Potchefstroom,South Africa,city,1,South Africa:1; Australia:1,Australia tour of South Africa:1,
"Senwes Park, Potchefstroom",Potchefstroom,"Senwes Park, Potchefstroom",Potchefstroom,South Africa,city,50,South Africa:7; Sri Lanka:2; West Indies:1; New Zealand:1,CSA T20 Challenge:34; Ram Slam T20 Challenge:7,
Senwes Park,Potchefstroom,"Senwes Park, Potchefstroom",Potchefstroom,South Africa,city,34,South Africa:32; Sri Lanka:8; Bangladesh:7; Zimbabwe:5,Women's Quadrangular Series (in South Africa):6; Sri Lanka in South Africa ODI Series:3,
"Sinovich Park, Sinoville",Pretoria,"Sinovich Park, Sinoville",Pretoria,South Africa,city,2,Canada:1; Netherlands:1; Pakistan:1; South Africa:1,ICC Intercontinental Cup:1; Pakistan Women tour of South Africa:1,
"St George's Park, Port Elizabeth",Port Elizabeth,"St George's Park, Port Elizabeth",Port Elizabeth,South Africa,city,60,South Africa:1; Zimbabwe:1,CSA T20 Challenge:35; Ram Slam T20 Challenge:12,
St George's Park,Port Elizabeth,"St George's Park, Port Elizabeth",Port Elizabeth,South Africa,city,39,South Africa:32; Australia:7; West Indies:5; Pakistan:4,Indian Premier League:7; Australia in South Africa ODI Series:4,
"St George's Park, Gqeberha",Gqeberha,"St George's Park, Port Elizabeth",Port Elizabeth,South Africa,city,34,South Africa:6; India:5; Australia:3; Sri Lanka:2,SA20:20; ICC Women's T20 World Cup:5,
"St George's Park, Port Elizabeth",Gqeberha,"St George's Park, Port Elizabeth",Port Elizabeth,South Africa,city,6,Australia:3; New Zealand:2; England:2; South Africa:1,ICC World Cup:5; Bangladesh tour of South Africa:1,
Stellenbosch University 1,,Stellenbosch University 1,,South Africa,venue name,2,South Africa:2; Netherlands:1; Ireland:1,ICC Women's World Cup Qualifying Series:2,
Stellenbosch University 2,,Stellenbosch University 2,,South Africa,venue name,1,Pakistan:1; Netherlands:1,ICC Women's World Cup Qualifying Series:1,
"SuperSport Park, Centurion",Centurion,"SuperSport Park, Centurion",Centurion,South Africa,city,86,South Africa:19; Pakistan:8; India:6; West Indies:5,SA20:22; Ram Slam T20 Challenge:16,
SuperSport Park,Centurion,"SuperSport Park, Centurion",Centurion,South Africa,city,74,South Africa:56; India:11; Australia:11; Pakistan:10,Indian Premier League:12; ICC Champions Trophy:8,
"The Wanderers Stadium, Johannesburg",Johannesburg,"The Wanderers Stadium, Johannesburg",Johannesburg,South Africa,city,52,South Africa:20; West Indies:7; India:6; Pakistan:3,SA20:25; CSA T20 Challenge:7,
The Wanderers Stadium,Johannesburg,"The Wanderers Stadium, Johannesburg",Johannesburg,South Africa,city,21,South Africa:21; India:5; Pakistan:4; Australia:3,India tour of South Africa:4; Pakistan tour of South Africa:4,
Willowmoore Park A Field,Benoni,Willowmoore Park A Field,Benoni,South Africa,city,4,Italy:2; Cayman Islands:2; Guernsey:1; Vanuatu:1,ICC World Cricket League Division Five:4,
Willowmoore Park B Field,Benoni,Willowmoore Park B Field,Benoni,South Africa,city,9,Ghana:3; Sierra Leone:2; Nigeria:2; Botswana:2,ICC World Cricket League Africa Region Qualifiers:5; ICC World Cricket League Division Five:4,
Willowmoore Park C Field,Benoni,Willowmoore Park C Field,Benoni,South Africa,city,8,Botswana:2; Zambia:2; Tanzania:2; Ghana:2,ICC World Cricket League Africa Region Qualifiers:5; ICC World Cricket League Division Five:3,
"Willowmoore Park, Benoni",Benoni,"Willowmoore Park, Benoni",Benoni,South Africa,city,35,South Africa:10; Uganda:5; Botswana:4; Tanzania:4,Africa Cricket Association Cup:12; Ram Slam T20 Challenge:6,
Willowmoore Park,Benoni,"Willowmoore Park, Benoni",Benoni,South Africa,city,25,South Africa:9; Pakistan:4; Canada:3; Ireland:3,ICC World Cricket League Africa Region Qualifiers:5; ICC World Cricket League Division Five:5,
Yeonhui Cricket Ground,Incheon,Yeonhui Cricket Ground,Incheon,South Korea,city,25,China:8; Hong Kong:7; South Korea:6; Malaysia:5,Asian Games Women's Cricket Competition:11; Asian Games Men's Cricket Competition:9,
"Yeonhui Cricket Ground, Incheon",Incheon,Yeonhui Cricket Ground,Incheon,South Korea,city,18,Japan:9; South Korea:8; Indonesia:7; Philippines:7,ICC Men's T20 World Cup East Asia-Pacific Region Qualifier B:12; Women's East Asia Cup:4,
"Desert Springs Cricket Ground, Almeria",Almeria,"Desert Springs Cricket Ground, Almeria",Almeria,Spain,city,44,Italy:14; Spain:13; Germany:13; Scotland:10,ICC Men's T20 World Cup Europe Region Qualifier:12; Spain Triangular T20I Series:12,
Desert Springs Cricket Ground,Almeria,"Desert Springs Cricket Ground, Almeria",Almeria,Spain,city,2,Spain:2; Germany:2,Germany tour of Spain:2,
La Manga Club Bottom Ground,Murcia,La Manga Club Bottom Ground,Murcia,Spain,city,15,Spain:9; Isle of Man:5; Portugal:3; Gibraltar:3,Iberia Cup:5; ICC Women's T20 World Cup Europe Region Qualifier:5,
La Manga Club Top Ground,Murcia,La Manga Club Top Ground,Murcia,Spain,city,18,Spain:7; Netherlands:6; Scotland:6; Croatia:5,ICC Women's T20 World Cup Europe Region Qualifier:9; Croatia tour of Spain:5,
"Army Ground, Panagoda",Panagoda,"Army Ground, Panagoda",Panagoda,Sri Lanka,city,5,,Major Clubs T20 Tournament:4; Major League Tournament:1,
Asgiriya Stadium,Kandy,Asgiriya Stadium,Kandy,Sri Lanka,city,3,Sri Lanka:3; Pakistan:1; England:1; Bangladesh:1,Pakistan tour of Sri Lanka:1; England tour of Sri Lanka:1,
"Bloomfield Cricket and Athletic Club Ground, Colombo",Colombo,"Bloomfield Cricket and Athletic Club Ground, Colombo",Colombo,Sri Lanka,city,22,,Major Clubs Limited Over Tournament:13; Major Clubs T20 Tournament:5,
"Burgher Recreation Club Ground, Colombo",Colombo,"Burgher Recreation Club Ground, Colombo",Colombo,Sri Lanka,city,8,,Major League Tournament:4; Major Clubs Limited Over Tournament:4,
Chilaw Marians Cricket Club Ground,FTZ Sports Complex,Chilaw Marians Cricket Club Ground,FTZ Sports Complex,Sri Lanka,by hand (ambiguous city),2,India:2; Sri Lanka:2,ICC Women's Championship:1; India Women tour of Sri Lanka:1,
Colombo Cricket Club Ground,Colombo,Colombo Cricket Club Ground,Colombo,Sri Lanka,city,36,,Major Clubs T20 Tournament:15; Major League Tournament:13,
Colombo Cricket Club Ground,,Colombo Cricket Club Ground,Colombo,Sri Lanka,venue name,10,Ireland:4; Bangladesh:3; India:3; Thailand:2,ICC Women's World Cup Qualifier:8; India Women tour of Sri Lanka:2,
"Colts Cricket Club Ground, Colombo",Colombo,"Colts Cricket Club Ground, Colombo",Colombo,Sri Lanka,city,49,,Major Clubs T20 Tournament:22; Major League Tournament:15,
Colts Cricket Club Ground,Colombo,"Colts Cricket Club Ground, Colombo",Colombo,Sri Lanka,city,3,Sri Lanka:3; South Africa:2; India:1,South Africa Women in Sri Lanka T20I Series:2; India Women tour of Sri Lanka:1,
"De Zoysa Stadium, Moratuwa",Moratuwa,"De Zoysa Stadium, Moratuwa",Moratuwa,Sri Lanka,city,14,,Major Clubs Limited Over Tournament:9; Major League Tournament:5,
FTZ Sports Complex (BOI),Katunayake,FTZ Sports Complex (BOI),Katunayake,Sri Lanka,city,1,Sri Lanka:1; England:1,England Women in Sri Lanka ODI Series:1,
"FTZ Sports Complex (Board of Investment), Katunayake",Katunayake,"FTZ Sports Complex (Board of Investment), Katunayake",Katunayake,Sri Lanka,city,9,,Major Clubs Limited Over Tournament:6; Major League Tournament:3,
Galle International Stadium,,Galle International Stadium,,Sri Lanka,venue name,37,Sri Lanka:28; India:9; Pakistan:7; England:6,ICC Women's World Twenty20:12; Pakistan in Sri Lanka Test Series:4,
Galle International Stadium,Galle,Galle International Stadium,,Sri Lanka,city,35,Sri Lanka:22; New Zealand:6; Australia:5; Pakistan:3,Major League Tournament:11; Australia tour of Sri Lanka:5,
Khettarama Stadium,Colombo,Khettarama Stadium,Colombo,Sri Lanka,city,1,Sri Lanka:1; Australia:1,ICC Women's Championship:1,
"Mahinda Rajapaksa International Cricket Stadium, Sooriyawewa, Hambantota",Hambantota,"Mahinda Rajapaksa International Cricket Stadium, Sooriyawewa, Hambantota",Hambantota,Sri Lanka,city,49,Sri Lanka:9; West Indies:6; Pakistan:3,Lanka Premier League:32; Major League Tournament:8,
"Mahinda Rajapaksa International Cricket Stadium, Sooriyawewa",Hambantota,"Mahinda Rajapaksa International Cricket Stadium, Sooriyawewa, Hambantota",Hambantota,Sri Lanka,city,30,Sri Lanka:28; Pakistan:6; Zimbabwe:5; South Africa:5,New Zealand in Sri Lanka ODI Series:4; Zimbabwe in Sri Lanka ODI Series:3,
Mercantile Cricket Association Ground,Colombo,Mercantile Cricket Association Ground,Colombo,Sri Lanka,city,6,Zimbabwe:2; Scotland:2; South Africa:2; Thailand:2,ICC Women's World Cup Qualifier:5; South Africa Women in Sri Lanka T20I Series:1,
"Moors Sports Club Ground, Colombo",Colombo,"Moors Sports Club Ground, Colombo",Colombo,Sri Lanka,city,7,,Major Clubs Limited Over Tournament:7,
"Navy Ground, Welisara",Welisara,"Navy Ground, Welisara",Welisara,Sri Lanka,city,1,,Major League Tournament:1,
"Nondescripts Cricket Club Ground, Colombo",Colombo,"Nondescripts Cricket Club Ground, Colombo",Colombo,Sri Lanka,city,39,,Major Clubs Limited Over Tournament:15; Major Clubs T20 Tournament:14,
Nondescripts Cricket Club Ground,Colombo,"Nondescripts Cricket Club Ground, Colombo",Colombo,Sri Lanka,city,10,Sri Lanka:6; Pakistan:4; South Africa:2; Papua New Guinea:2,ICC Women's World Cup Qualifier:8; Pakistan Women tour of Sri Lanka:1,
"P Sara Oval, Colombo",Colombo,"P Sara Oval, Colombo",Colombo,Sri Lanka,city,52,Sri Lanka:4; New Zealand:3; Bangladesh:1,Major Clubs T20 Tournament:25; Major Clubs Limited Over Tournament:14,
P Sara Oval,Colombo,"P Sara Oval, Colombo",Colombo,Sri Lanka,city,25,Sri Lanka:17; India:8; Bangladesh:5; South Africa:5,ICC Women's World Cup Qualifier:9; England Women tour of Sri Lanka:3,
P Saravanamuttu Stadium,Colombo,P Saravanamuttu Stadium,Colombo,Sri Lanka,city,2,Sri Lanka:2; Bangladesh:1; India:1,Bangladesh in Sri Lanka ODI Series:1; India in Sri Lanka Test Series:1,
Pallekele International Cricket Stadium,Kandy,Pallekele International Cricket Stadium,Kandy,Sri Lanka,city,69,Sri Lanka:34; India:8; West Indies:6; New Zealand:5,Lanka Premier League:28; West Indies tour of Sri Lanka:6,
Pallekele International Cricket Stadium,,Pallekele International Cricket Stadium,Kandy,Sri Lanka,venue name,48,Sri Lanka:40; New Zealand:10; Pakistan:9; England:8,ICC World Twenty20:9; India tour of Sri Lanka:3,
Pallekele International Cricket Stadium,Pallekele,Pallekele International Cricket Stadium,Kandy,Sri Lanka,city,1,Sri Lanka:1; Bangladesh:1,Sri Lanka v Bangladesh:1,
Panadura Esplanade,Panadura,Panadura Esplanade,Panadura,Sri Lanka,city,15,,Major Clubs Limited Over Tournament:11; Major League Tournament:4,
"Police Park Ground, Colombo",Colombo,"Police Park Ground, Colombo",Colombo,Sri Lanka,city,19,,Major Clubs Limited Over Tournament:9; Major League Tournament:6,
"R Premadasa Stadium, Colombo",Colombo,"R Premadasa Stadium, Colombo",Colombo,Sri Lanka,city,136,Sri Lanka:50; India:20; South Africa:12; Australia:10,Lanka Premier League:60; ICC Women's World Cup:10,
R Premadasa Stadium,Colombo,"R Premadasa Stadium, Colombo",Colombo,Sri Lanka,city,84,Sri Lanka:67; Pakistan:19; India:17; Australia:15,ICC World Twenty20:13; Pakistan in Sri Lanka ODI Series:9,
"R.Premadasa Stadium, Khettarama",Colombo,"R.Premadasa Stadium, Khettarama",Colombo,Sri Lanka,city,19,Sri Lanka:16; India:8; Bangladesh:8; England:2,Nidahas Trophy:7; India tour of Sri Lanka:3,
R.Premadasa Stadium,Colombo,"R.Premadasa Stadium, Khettarama",Colombo,Sri Lanka,city,6,Sri Lanka:6; Bangladesh:2; India:2; Australia:1,Asia Cup:4; Bangladesh tour of Sri Lanka:1,
Rangiri Dambulla International Stadium,Dambulla,Rangiri Dambulla International Stadium,Dambulla,Sri Lanka,city,58,Sri Lanka:26; Pakistan:12; India:8; New Zealand:6,Lanka Premier League:18; Women's Asia Cup:15,
Rangiri Dambulla International Stadium,,Rangiri Dambulla International Stadium,Dambulla,Sri Lanka,venue name,42,Sri Lanka:36; India:14; Pakistan:10; Bangladesh:5,Asia Cup:7; Sri Lanka Triangular Series:7,
Sinhalese Sports Club,Colombo,Sinhalese Sports Club,Colombo,Sri Lanka,city,2,Sri Lanka:1; South Africa:1; Pakistan:1; Bangladesh:1,South Africa tour of Sri Lanka:1; Asia Cup:1,
"Sinhalese Sports Club Ground, Colombo",Colombo,"Sinhalese Sports Club Ground, Colombo",Colombo,Sri Lanka,city,49,Sri Lanka:8; Bangladesh:5; Pakistan:4; Oman:2,Major Clubs T20 Tournament:17; Major Clubs Limited Over Tournament:9,
Sinhalese Sports Club Ground,Colombo,"Sinhalese Sports Club Ground, Colombo",Colombo,Sri Lanka,city,30,Sri Lanka:30; South Africa:6; India:5; Pakistan:5,India in Sri Lanka Test Series:3; Pakistan in Sri Lanka Test Series:3,
Sri Lanka Army Ordnance Corps International Cricket Stadium,Kaluthara,Sri Lanka Army Ordnance Corps International Cricket Stadium,Kaluthara,Sri Lanka,city,10,,Major Clubs Limited Over Tournament:10,
"Surrey Village, Maggona",Maggona,"Surrey Village, Maggona",Maggona,Sri Lanka,city,35,,Major League Tournament:15; Major Clubs Limited Over Tournament:13,
"Thurstan College Ground, Colombo",Colombo,"Thurstan College Ground, Colombo",Colombo,Sri Lanka,city,8,,Major Clubs Limited Over Tournament:6; Major League Tournament:2,
"Welagedara Stadium, Kurunegala",Kurunegala,"Welagedara Stadium, Kurunegala",Kurunegala,Sri Lanka,city,21,,Major Clubs Limited Over Tournament:11; Major League Tournament:10,
Welagedara Stadium,Kurunegala,"Welagedara Stadium, Kurunegala",Kurunegala,Sri Lanka,city,2,Sri Lanka:2; India:2,Women's Asia Cup:2,
"Botkyrka Cricket Center, Stockholm",Stockholm,"Botkyrka Cricket Center, Stockholm",Stockholm,Sweden,city,17,Sweden:10; Austria:7; Norway:7; Finland:4,Viking Cup:14; Portugal tour of Sweden:3,
Guttsta Wicked Cricket Club,Kolsva,Guttsta Wicked Cricket Club,Kolsva,Sweden,city,1,Norway:1; Sweden:1,Norway Women tour of Sweden:1,
Skarpnack 1,Stockholm,Skarpnack 1,Stockholm,Sweden,city,2,Gibraltar:2; Israel:1; Isle of Man:1,ICC World Cricket League Europe Region Division Two Twenty20:2,
Skarpnack 2,Stockholm,Skarpnack 2,Stockholm,Sweden,city,2,Germany:1; Isle of Man:1; Israel:1; Spain:1,ICC World Cricket League Europe Region Division Two Twenty20:2,
"Gymkhana Club Ground, Dar-es-Salaam",Dar-es-Salaam,"Gymkhana Club Ground, Dar-es-Salaam",Dar-es-Salaam,Tanzania,city,9,Tanzania:4; Cameroon:3; Mali:3; Malawi:2,ICC Men's T20 World Cup Sub Regional Africa Qualifier:7; Canada Women tour of Tanzania:2,
University of Dar-es-Salaam Ground,Dar-es-Salaam,University of Dar-es-Salaam Ground,Dar-es-Salaam,Tanzania,city,8,Tanzania:3; Malawi:3; Ghana:3; Mali:2,ICC Men's T20 World Cup Sub Regional Africa Qualifier:7; Canada Women tour of Tanzania:1,
University of Dar-es-Salaam Ground 1,Dar-es-Salaam,University of Dar-es-Salaam Ground 1,Dar-es-Salaam,Tanzania,city,8,Tanzania:3; Italy:3; Bahrain:3; Hong Kong:3,CWC Challenge League:8,
University of Dar-es-Salaam Ground 2,Dar-es-Salaam,University of Dar-es-Salaam Ground 2,Dar-es-Salaam,Tanzania,city,6,Uganda:3; Italy:2; Singapore:2; Bahrain:2,CWC Challenge League:6,
Asian Institute of Technology Ground,Bangkok,Asian Institute of Technology Ground,Bangkok,Thailand,city,27,Hong Kong:7; China:7; Nepal:6; Kuwait:6,ICC Women's T20 World Cup Asia Region Qualifier:11; ICC Women's World Twenty20 Qualifier:8,
"Asian Institute of Technology Ground, Bangkok",Bangkok,Asian Institute of Technology Ground,Bangkok,Thailand,city,16,United Arab Emirates:5; Namibia:5; Tanzania:4; Scotland:4,ICC Women's Emerging Nations Trophy:14; ICC Women's T20 World Cup Asia Region Qualifier:2,
Gymkhana Club,Chiang Mai,Gymkhana Club,Chiang Mai,Thailand,city,4,Qatar:2; Kuwait:2; Bahrain:1; China:1,ICC World Cricket League Asia Region Division One:4,
Prem Tinsulanonda International School,Chiang Mai,Prem Tinsulanonda International School,Chiang Mai,Thailand,city,3,Bahrain:2; Thailand:1; Bhutan:1; Saudi Arabia:1,ICC World Cricket League Asia Region Division One:3,
Royal Chiangmai Golf Club,Chiang Mai,Royal Chiangmai Golf Club,Chiang Mai,Thailand,city,9,Thailand:8; Netherlands:8; Qatar:1; Kuwait:1,Netherlands Women tour of Thailand:8; ICC World Cricket League Asia Region Division One:1,
Royal Chiangmai Golf Club,,Royal Chiangmai Golf Club,Chiang Mai,Thailand,venue name,5,Bahrain:3; Saudi Arabia:2; Thailand:2; China:1,ICC World Cricket League Asia Region Division One:5,
"Terdthai Cricket Ground, Bangkok",Bangkok,"Terdthai Cricket Ground, Bangkok",Bangkok,Thailand,city,99,Thailand:41; Bhutan:14; Indonesia:12; Singapore:11,Asian Cricket Council Men's Challenger Cup:18; Quadrangular Twenty20 Series (Thailand):16,
Terdthai Cricket Ground,Bangkok,"Terdthai Cricket Ground, Bangkok",Bangkok,Thailand,city,32,Thailand:13; Malaysia:8; United Arab Emirates:7; China:7,ICC Women's T20 World Cup Asia Region Qualifier:9; ICC Women's World Twenty20 Qualifying Series Asia Region:8,
Thailand Cricket Ground,Bangkok,Thailand Cricket Ground,Bangkok,Thailand,city,1,Thailand:1; Bangladesh:1,ICC Women's World Twenty20 Qualifier:1,
Entebbe Cricket Oval,Entebbe,Entebbe Cricket Oval,Entebbe,Uganda,city,53,Uganda:24; Nigeria:15; Kenya:13; Namibia:11,ICC Women's T20 World Cup Africa Region Qualifier:15; Women's T20 Quadrangular Series (in Uganda):13,
Entebbe Cricket Oval,,Entebbe Cricket Oval,Entebbe,Uganda,venue name,3,Singapore:2; Uganda:1; Canada:1; Malaysia:1,ICC World Cricket League Division Three:3,
Jinja Cricket Ground,Jinja,Jinja Cricket Ground,Jinja,Uganda,city,2,Bahrain:2; Uganda:2,Bahrain tour of Uganda:2,
"Kyambogo Cricket Ground, Kampala",Kampala,"Kyambogo Cricket Ground, Kampala",Kampala,Uganda,city,4,Uganda:2; Italy:2; Bermuda:1; Kenya:1,CWC Challenge League:4,
Kyambogo Cricket Oval,Kampala,Kyambogo Cricket Oval,Kampala,Uganda,city,9,Ghana:4; Uganda:3; Namibia:3; Singapore:2,ICC Men's T20 World Cup Africa Region Final:6; ICC World Cricket League Division Three:3,
"Lugogo Cricket Oval, Kampala",Kampala,"Lugogo Cricket Oval, Kampala",Kampala,Uganda,city,18,Uganda:11; Canada:5; Hong Kong:3; Italy:3,CWC Challenge League:13; Canada Women tour of Uganda:5,
Lugogo Cricket Oval,Kampala,"Lugogo Cricket Oval, Kampala",Kampala,Uganda,city,7,Uganda:3; Canada:2; Oman:2; Botswana:2,ICC World Cricket League Division Three:4; ICC Men's T20 World Cup Africa Region Final:3,
"7he Sevens Stadium, Dubai",Dubai,"7he Sevens Stadium, Dubai",Dubai,United Arab Emirates,city,4,Ireland:4; Italy:3; Thailand:1,Ireland tour of United Arab Emirates:3; Ireland Women v Thailand Women T20I Series:1,
Abu Dhabi Oval 1,Abu Dhabi,Abu Dhabi Oval 1,Abu Dhabi,United Arab Emirates,city,4,Hong Kong:3; Italy:1; Uganda:1; Namibia:1,ICC World Twenty20 Qualifier:4,
Abu Dhabi Oval 2,Abu Dhabi,Abu Dhabi Oval 2,Abu Dhabi,United Arab Emirates,city,2,Ireland:1; United Arab Emirates:1; Hong Kong:1; United States of America:1,ICC World Twenty20 Qualifier:2,
Al Dhaid Cricket Village,,Al Dhaid Cricket Village,,United Arab Emirates,venue name,3,Malaysia:1; Maldives:1; Kuwait:1; Saudi Arabia:1,ACC Twenty20 Cup:3,
Dubai International Cricket Stadium,Dubai,Dubai International Cricket Stadium,Dubai,United Arab Emirates,city,248,United Arab Emirates:37; India:27; Pakistan:23; Scotland:17,International League T20:61; Pakistan Super League:33,
Dubai International Cricket Stadium,,Dubai International Cricket Stadium,Dubai,United Arab Emirates,venue name,140,Pakistan:56; England:12; Sri Lanka:11; Ireland:10,Indian Premier League:33; Pakistan Super League:27,
Dubai Sports City Cricket Stadium,,Dubai Sports City Cricket Stadium,,United Arab Emirates,venue name,2,Australia:2; Pakistan:2,Australia v Pakistan ODI Series:2,
ICC Academy Ground No 2,Dubai,ICC Academy Ground No 2,Dubai,United Arab Emirates,city,12,Bermuda:5; Kenya:3; Scotland:3; Papua New Guinea:3,ICC World Twenty20 Qualifier:6; ICC Men's T20 World Cup Qualifier:5,
"ICC Academy Ground No 2, Dubai",Dubai,ICC Academy Ground No 2,Dubai,United Arab Emirates,city,5,United Arab Emirates:3; Bhutan:2; Nepal:2; Malaysia:1,ICC Women's T20 World Cup Asia Region Qualifier:5,
ICC Academy Oval 1,Dubai,ICC Academy Oval 1,Dubai,United Arab Emirates,city,1,Denmark:1; Bermuda:1,ICC World Twenty20 Qualifier:1,
ICC Academy Oval 2,Dubai,ICC Academy Oval 2,Dubai,United Arab Emirates,city,2,Nepal:2; Denmark:1; Kenya:1,ICC World Twenty20 Qualifier:2,
"ICC Academy, Dubai",Dubai,"ICC Academy, Dubai",Dubai,United Arab Emirates,city,42,United Arab Emirates:18; Kuwait:9; Oman:8; Namibia:5,Gulf T20I Championship:15; ICC Women's T20 World Cup Asia Region Qualifier:8,
ICC Academy,Dubai,"ICC Academy, Dubai",Dubai,United Arab Emirates,city,39,United Arab Emirates:18; Scotland:14; Nepal:7; Netherlands:7,ICC Men's T20 World Cup Qualifier:10; United Arab Emirates Tri-Nation Series:6,
ICC Global Cricket Academy,Dubai,ICC Global Cricket Academy,Dubai,United Arab Emirates,city,5,Canada:3; Kenya:3; United Arab Emirates:2; Ireland:2,Ireland in United Arab Emirates ODI Series:2; Canada v Kenya T20I Series:2,
"Malek Cricket Ground, Ajman",Ajman,"Malek Cricket Ground, Ajman",Ajman,United Arab Emirates,city,4,Hong Kong:4; United Arab Emirates:4,Hong Kong Women tour of United Arab Emirates:4,
Sharjah Cricket Association Stadium,Sharjah,Sharjah Cricket Association Stadium,Sharjah,United Arab Emirates,city,7,Pakistan:4; Zimbabwe:4; Sri Lanka:3; Kenya:3,Cherry Blossom Sharjah Cup:7,
Sharjah Cricket Stadium,Sharjah,Sharjah Cricket Stadium,Sharjah,United Arab Emirates,city,108,United Arab Emirates:11; West Indies:9; Pakistan:8; Bangladesh:8,International League T20:29; Pakistan Super League:22,
Sharjah Cricket Stadium,,Sharjah Cricket Stadium,Sharjah,United Arab Emirates,venue name,85,Pakistan:35; Sri Lanka:11; New Zealand:9; United Arab Emirates:6,Indian Premier League:18; Pakistan Super League:16,
Sheikh Zayed Stadium,Abu Dhabi,Sheikh Zayed Stadium,Abu Dhabi,United Arab Emirates,city,141,Pakistan:54; United Arab Emirates:25; Hong Kong:14; Ireland:14,Indian Premier League:29; ICC World Twenty20 Qualifier:15,
"Sheikh Zayed Stadium, Abu Dhabi",Abu Dhabi,Sheikh Zayed Stadium,Abu Dhabi,United Arab Emirates,city,30,Bangladesh:5; Thailand:4; Ireland:3; Zimbabwe:3,Pakistan Super League:20; ICC Women's T20 World Cup Qualifier:9,
Sheikh Zayed Stadium Nursery 1,Abu Dhabi,Sheikh Zayed Stadium Nursery 1,Abu Dhabi,United Arab Emirates,city,7,Uganda:2; United Arab Emirates:2; Namibia:2; Canada:2,ICC World Twenty20 Qualifier:6; Oman tour of United Arab Emirates:1,
Sheikh Zayed Stadium Nursery 2,Abu Dhabi,Sheikh Zayed Stadium Nursery 2,Abu Dhabi,United Arab Emirates,city,5,Italy:3; Namibia:2; Kenya:1; Papua New Guinea:1,ICC World Twenty20 Qualifier:5,
"Tolerance Oval, Abu Dhabi",Abu Dhabi,"Tolerance Oval, Abu Dhabi",Abu Dhabi,United Arab Emirates,city,20,Scotland:7; United States of America:6; United Arab Emirates:5; Papua New Guinea:4,ICC Women's T20 World Cup Qualifier:20,
Tolerance Oval,Abu Dhabi,"Tolerance Oval, Abu Dhabi",Abu Dhabi,United Arab Emirates,city,9,United Arab Emirates:3; Jersey:3; Nigeria:3; Canada:2,ICC Men's T20 World Cup Qualifier:8; Australia tour of United Arab Emirates:1,
"Zayed Cricket Stadium, Abu Dhabi",Abu Dhabi,"Zayed Cricket Stadium, Abu Dhabi",Abu Dhabi,United Arab Emirates,city,86,Ireland:11; Sri Lanka:9; South Africa:7; United Arab Emirates:5,International League T20:43; ICC Women's T20 World Cup Qualifier:13,
Zayed Cricket Stadium,Abu Dhabi,"Zayed Cricket Stadium, Abu Dhabi",Abu Dhabi,United Arab Emirates,city,2,United States of America:1; Italy:1; Ireland:1; Uganda:1,ICC World Twenty20 Qualifier:2,
Central Broward Regional Park Stadium Turf Ground,Lauderhill,Central Broward Regional Park Stadium Turf Ground,Lauderhill,United States of America,city,30,West Indies:8; United States of America:5; India:4; Papua New Guinea:4,Caribbean Premier League:13; ICC Men's Cricket World Cup League 2:5,
"Central Broward Regional Park Stadium Turf Ground, Lauderhill",Lauderhill,Central Broward Regional Park Stadium Turf Ground,Lauderhill,United States of America,city,25,West Indies:7; United States of America:6; India:4; Pakistan:4,Major League Cricket:9; ICC Men's Cricket World Cup League 2:6,
"Choice Moosa Stadium, Pearland",Pearland,"Choice Moosa Stadium, Pearland",Pearland,United States of America,city,2,United States of America:2; Scotland:2,ICC Men's Cricket World Cup League 2:2,
"Church Street Park, Morrisville",Morrisville,"Church Street Park, Morrisville",Morrisville,United States of America,city,14,,Major League Cricket:14,
Church Street Park,Morrisville,"Church Street Park, Morrisville",Morrisville,United States of America,city,10,Panama:5; United States of America:5; Belize:5; Canada:5,ICC World Twenty20 Americas Sub Regional Qualifier A:10,
Grand Prairie Stadium,Grand Prairie,Grand Prairie Stadium,Grand Prairie,United States of America,city,1,,Major League Cricket:1,
"Grand Prairie Stadium, Dallas",Dallas,"Grand Prairie Stadium, Dallas",Dallas,United States of America,city,64,United States of America:14; Nepal:8; Zimbabwe:5; Scotland:4,Major League Cricket:46; ICC Men's Cricket World Cup League 2:6,
Grand Prairie Stadium,Dallas,"Grand Prairie Stadium, Dallas",Dallas,United States of America,city,11,,Major League Cricket:11,
"Knight Riders Cricket Ground, Pomona",Pomona,"Knight Riders Cricket Ground, Pomona",Pomona,United States of America,city,7,,Major League Cricket:7,
"Moosa Cricket Stadium, Pearland",Pearland,"Moosa Cricket Stadium, Pearland",Pearland,United States of America,city,10,United States of America:6; United Arab Emirates:4; Oman:4; Nepal:4,ICC Men's Cricket World Cup League 2:10,
"Nassau County International Cricket Stadium, New York",New York,"Nassau County International Cricket Stadium, New York",New York,United States of America,city,8,South Africa:3; India:3; Ireland:2; Canada:2,ICC Men's T20 World Cup:8,
"Oakland Coliseum,Oakland",Oakland,"Oakland Coliseum,Oakland",Oakland,United States of America,city,21,,Major League Cricket:21,
Prairie View Cricket Complex,Houston,Prairie View Cricket Complex,Houston,United States of America,city,7,United States of America:7; Canada:4; Bangladesh:3,Canada tour of United States of America:4; Bangladesh tour of United States of America:3,
"Severn Cricket Field, Woodley Park",Los Angeles,"Severn Cricket Field, Woodley Park",Los Angeles,United States of America,city,5,Oman:3; United States of America:2; Denmark:2; Bermuda:1,ICC World Cricket League Division Four:5,
"Wong Cricket Field, Woodley Park",Los Angeles,"Wong Cricket Field, Woodley Park",Los Angeles,United States of America,city,4,United States of America:2; Italy:2; Bermuda:1; Denmark:1,ICC World Cricket League Division Four:4,
"Woodley Cricket Field, Los Angeles",Los Angeles,"Woodley Cricket Field, Los Angeles",Los Angeles,United States of America,city,12,United States of America:6; Argentina:6; Canada:6; Brazil:6,ICC Women's T20 World Cup Americas Region Qualifier:12,
"Wright Cricket Field, Woodley Park",Los Angeles,"Wright Cricket Field, Woodley Park",Los Angeles,United States of America,city,6,Denmark:3; Bermuda:3; Italy:2; Jersey:2,ICC World Cricket League Division Four:6,
"Ground 1, Independence Park",Port Vila,"Ground 1, Independence Park",Port Vila,Vanuatu,city,6,Papua New Guinea:4; Vanuatu:2; Indonesia:2; Samoa:2,ICC Women's T20 World Cup East Asia-Pacific Region Qualifier:6,
"Ground 2, Independence Park",Port Vila,"Ground 2, Independence Park",Port Vila,Vanuatu,city,4,Japan:3; Fiji:2; Indonesia:1; Papua New Guinea:1,ICC Women's T20 World Cup East Asia-Pacific Region Qualifier:4,
"Independence Park, Port Vila",Port Vila,"Independence Park, Port Vila",Port Vila,Vanuatu,city,10,Cook Islands:5; Fiji:5; Samoa:5; Vanuatu:5,ICC Men's T20 World Cup East Asia-Pacific Region Qualifier A:10,
Vanuatu Cricket Ground,Port Vila,Vanuatu Cricket Ground,Port Vila,Vanuatu,city,10,Japan:4; Vanuatu:4; Papua New Guinea:4; Cook Islands:3,ICC Women's T20 World Cup East Asia-Pacific Region Qualifier:8; Japan Women tour of Vanuatu:2,
Vanuatu Cricket Ground (Oval 2),Port Vila,Vanuatu Cricket Ground (Oval 2),Port Vila,Vanuatu,city,8,Fiji:4; Samoa:3; Vanuatu:2; Indonesia:2,ICC Women's T20 World Cup East Asia-Pacific Region Qualifier:8,
Antigua Recreation Ground,St John's,Antigua Recreation Ground,St John's,West Indies,city,2,West Indies:2; South Africa:1; England:1,South Africa tour of West Indies:1; England tour of West Indies:1,
"Antigua Recreation Ground, St John's, Antigua",St John's,Antigua Recreation Ground,St John's,West Indies,city,1,Australia:1; West Indies:1,Australia tour of West Indies:1,
"Antigua Recreation Ground, St John's",Antigua,"Antigua Recreation Ground, St John's",Antigua,West Indies,city,4,West Indies:4; Zimbabwe:2; India:1; England:1,Zimbabwe in West Indies ODI Series:2; India tour of West Indies:1,
"Arnos Vale Ground, Kingstown",St Vincent,"Arnos Vale Ground, Kingstown",St Vincent,West Indies,city,12,West Indies:12; Australia:4; Pakistan:3; Zimbabwe:3,Australia in West Indies ODI Series:4; Zimbabwe in West Indies ODI Series:3,
"Arnos Vale Ground, Kingstown, St Vincent",Kingstown,"Arnos Vale Ground, Kingstown, St Vincent",Kingstown,West Indies,city,13,West Indies:7; Bangladesh:5; Australia:3; Nepal:2,ICC Men's T20 World Cup:3; Bangladesh tour of West Indies:3,
Arnos Vale Ground,Kingstown,"Arnos Vale Ground, Kingstown, St Vincent",Kingstown,West Indies,city,2,Bangladesh:2; West Indies:2,Bangladesh tour of West Indies:2,
"Beausejour Stadium, Gros Islet",St Lucia,"Beausejour Stadium, Gros Islet",St Lucia,West Indies,city,34,West Indies:19; Pakistan:10; Australia:8; England:6,ICC World Twenty20:9; ICC World Cup:6,
"Brian Lara Stadium, Tarouba",Trinidad,"Brian Lara Stadium, Tarouba",Trinidad,West Indies,city,33,South Africa:3; West Indies:3,Caribbean Premier League:30; South Africa Women tour of West Indies:3,
"Brian Lara Stadium, Tarouba, Trinidad",Tarouba,"Brian Lara Stadium, Tarouba, Trinidad",Tarouba,West Indies,city,41,West Indies:13; Pakistan:4; India:3; New Zealand:3,Caribbean Premier League:17; Women's Caribbean Premier League:9,
Coolidge Cricket Ground,Antigua,Coolidge Cricket Ground,Antigua,West Indies,city,1,West Indies:1; Sri Lanka:1,Sri Lanka Women tour of West Indies:1,
"Coolidge Cricket Ground, Antigua",Coolidge,"Coolidge Cricket Ground, Antigua",Coolidge,West Indies,city,19,West Indies:11; Pakistan:4; Sri Lanka:3; South Africa:3,ICC Men's T20 World Cup Americas Region Qualifier:8; Pakistan Women tour of West Indies:4,
"Daren Sammy National Cricket Stadium, Gros Islet",St Lucia,"Daren Sammy National Cricket Stadium, Gros Islet",St Lucia,West Indies,city,38,West Indies:6; Sri Lanka:4; South Africa:4; Bangladesh:3,Caribbean Premier League:27; ICC Women's T20 World Cup:8,
"Daren Sammy National Cricket Stadium, Gros Islet, St Lucia",Gros Islet,"Daren Sammy National Cricket Stadium, Gros Islet, St Lucia",Gros Islet,West Indies,city,47,West Indies:18; Australia:7; Ireland:6; England:5,Caribbean Premier League:25; Ireland Women tour of West Indies:6,
"Daren Sammy National Cricket Stadium, St Lucia",Gros Islet,"Daren Sammy National Cricket Stadium, Gros Islet, St Lucia",Gros Islet,West Indies,city,1,West Indies:1; England:1,England tour of West Indies:1,
Daren Sammy National Cricket Stadium,Gros Islet,"Daren Sammy National Cricket Stadium, Gros Islet, St Lucia",Gros Islet,West Indies,city,1,England:1; West Indies:1,England tour of West Indies:1,
"Darren Sammy National Cricket Stadium, Gros Islet",St Lucia,"Darren Sammy National Cricket Stadium, Gros Islet",St Lucia,West Indies,city,1,West Indies:1; India:1,India in West Indies Test Series:1,
"Darren Sammy National Cricket Stadium, St Lucia",Gros Islet,"Darren Sammy National Cricket Stadium, St Lucia",Gros Islet,West Indies,city,4,West Indies:4; England:2; India:2,England tour of West Indies:2; India Women tour of West Indies:2,
"Guyana National Stadium, Providence",,"Guyana National Stadium, Providence",,West Indies,venue name,25,,T20 Blaze:13; CG United Women's Super50:8,
"Kensington Oval, Bridgetown",Barbados,"Kensington Oval, Bridgetown",Barbados,West Indies,city,72,West Indies:30; England:14; Australia:14; South Africa:8,Caribbean Premier League:27; ICC World Twenty20:10,
"Kensington Oval, Bridgetown, Barbados",Bridgetown,"Kensington Oval, Bridgetown, Barbados",Bridgetown,West Indies,city,68,West Indies:29; England:18; Australia:6; New Zealand:5,Caribbean Premier League:21; England tour of West Indies:11,
"Kensington Oval, Barbados",Bridgetown,"Kensington Oval, Bridgetown, Barbados",Bridgetown,West Indies,city,8,West Indies:8; England:3; Australia:3; Ireland:2,England tour of West Indies:3; Australia Women tour of West Indies:3,
Kensington Oval,Bridgetown,"Kensington Oval, Bridgetown, Barbados",Bridgetown,West Indies,city,1,West Indies:1; South Africa:1,South Africa tour of West Indies:1,
"National Cricket Stadium, St George's",Grenada,"National Cricket Stadium, St George's",Grenada,West Indies,city,17,West Indies:10; Australia:4; New Zealand:3; Sri Lanka:3,ICC World Cup:6; Australia in West Indies ODI Series:2,
"National Cricket Stadium, St George's, Grenada",St George's,"National Cricket Stadium, St George's, Grenada",St George's,West Indies,city,15,West Indies:15; Sri Lanka:6; South Africa:5; England:3,Sri Lanka Women tour of West Indies:6; South Africa tour of West Indies:5,
"National Cricket Stadium, Grenada",St George's,"National Cricket Stadium, St George's, Grenada",St George's,West Indies,city,3,West Indies:3; Ireland:2; England:1,Ireland tour of West Indies:2; England tour of West Indies:1,
National Cricket Stadium,St George's,"National Cricket Stadium, St George's, Grenada",St George's,West Indies,city,1,Bangladesh:1; West Indies:1,Bangladesh tour of West Indies:1,
Providence Stadium,Guyana,Providence Stadium,Guyana,West Indies,city,68,West Indies:20; Pakistan:11; Ireland:9; New Zealand:7,Caribbean Premier League:28; ICC Women's T20 World Cup:11,
"Providence Stadium, Guyana",Providence,"Providence Stadium, Guyana",Providence,West Indies,city,74,West Indies:20; India:8; Bangladesh:4; Pakistan:3,Caribbean Premier League:45; Women's Caribbean Premier League:7,
Queen's Park,,Queen's Park,,West Indies,venue name,1,,Plunket Shield:1,
"Queen's Park (New), St George's, Grenada",St George's,"Queen's Park (New), St George's, Grenada",St George's,West Indies,city,2,Australia:2; West Indies:2,Australia tour of West Indies:2,
"Queen's Park Oval, Port of Spain",Trinidad,"Queen's Park Oval, Port of Spain",Trinidad,West Indies,city,80,West Indies:27; India:14; Sri Lanka:10; Pakistan:3,Caribbean Premier League:45; India in West Indies ODI Series:6,
"Queen's Park Oval, Port of Spain, Trinidad",Port of Spain,"Queen's Park Oval, Port of Spain, Trinidad",Port of Spain,West Indies,city,22,West Indies:6; India:4; South Africa:1; Pakistan:1,Caribbean Premier League:14; India tour of West Indies:4,
"Queen's Park Oval, Trinidad",Port of Spain,"Queen's Park Oval, Port of Spain, Trinidad",Port of Spain,West Indies,city,2,West Indies:2; India:2,India tour of United States of America and West Indies:2,
Queen's Park Oval,Port of Spain,"Queen's Park Oval, Port of Spain, Trinidad",Port of Spain,West Indies,city,1,West Indies:1; England:1,England tour of West Indies:1,
"Sabina Park, Kingston",Jamaica,"Sabina Park, Kingston",Jamaica,West Indies,city,58,West Indies:27; India:11; Ireland:6; New Zealand:5,Caribbean Premier League:26; ICC World Cup:7,
"Sabina Park, Kingston, Jamaica",Kingston,"Sabina Park, Kingston, Jamaica",Kingston,West Indies,by hand (ambiguous city),24,West Indies:20; Australia:4; Sri Lanka:4; Ireland:3,Australia tour of West Indies:4; Sri Lanka tour of West Indies:4,
"Sabina Park, Jamaica",Kingston,"Sabina Park, Kingston, Jamaica",Kingston,West Indies,by hand (ambiguous city),1,West Indies:1; India:1,India in West Indies Test Series:1,
"Sir Vivian Richards Stadium, North Sound",Antigua,"Sir Vivian Richards Stadium, North Sound",Antigua,West Indies,city,35,West Indies:23; England:11; India:6; Australia:6,ICC World Cup:6; Caribbean Premier League:6,
"Sir Vivian Richards Stadium, North Sound",,"Sir Vivian Richards Stadium, North Sound",Antigua,West Indies,venue name,1,West Indies:1; India:1,India Women in West Indies:1,
"Sir Vivian Richards Stadium, North Sound, Antigua",North Sound,"Sir Vivian Richards Stadium, North Sound, Antigua",North Sound,West Indies,city,57,West Indies:31; England:11; New Zealand:8; South Africa:7,Caribbean Premier League:13; New Zealand Women tour of West Indies:8,
Sir Vivian Richards Stadium,North Sound,"Sir Vivian Richards Stadium, North Sound, Antigua",North Sound,West Indies,city,6,West Indies:6; Sri Lanka:5; Bangladesh:1,West Indies v Sri Lanka:3; Sri Lanka tour of West Indies:2,
"Sir Vivian Richards Stadium, Antigua",North Sound,"Sir Vivian Richards Stadium, North Sound, Antigua",North Sound,West Indies,city,5,West Indies:5; India:3; England:1; Australia:1,India Women tour of West Indies:2; England tour of West Indies:1,
"Three Ws Oval, Cave Hill, Barbados",Cave Hill,"Three Ws Oval, Cave Hill, Barbados",Cave Hill,West Indies,city,6,South Africa:6; West Indies:6,South Africa Women tour of West Indies:6,
"Warner Park, Basseterre",St Kitts,"Warner Park, Basseterre",St Kitts,West Indies,city,62,West Indies:17; Australia:7; Bangladesh:6; South Africa:6,Caribbean Premier League:38; ICC World Cup:6,
"Warner Park, Basseterre",,"Warner Park, Basseterre",St Kitts,West Indies,venue name,1,,Caribbean Premier League:1,
"Warner Park, Basseterre, St Kitts",Basseterre,"Warner Park, Basseterre, St Kitts",Basseterre,West Indies,city,78,West Indies:17; Bangladesh:9; Australia:6; India:2,Caribbean Premier League:57; Bangladesh Women tour of West Indies:6,
"Warner Park, St Kitts",Basseterre,"Warner Park, Basseterre, St Kitts",Basseterre,West Indies,city,4,West Indies:4; England:2; Ireland:2,England tour of West Indies:2; Ireland tour of West Indies:2,
"Windsor Park, Roseau",Dominica,"Windsor Park, Roseau",Dominica,West Indies,city,11,West Indies:11; Bangladesh:2; South Africa:2; Australia:2,Bangladesh in West Indies ODI Series:2; South Africa in West Indies ODI Series:2,
"Windsor Park, Roseau, Dominica",Roseau,"Windsor Park, Roseau, Dominica",Roseau,West Indies,city,3,West Indies:3; Bangladesh:2; India:1,Bangladesh tour of West Indies:2; India tour of West Indies:1,
Bulawayo Athletic Club,Bulawayo,Bulawayo Athletic Club,Bulawayo,Zimbabwe,city,15,Hong Kong:4; United States of America:4; Singapore:3; Papua New Guinea:3,ICC Men's T20 World Cup Qualifier:9; ICC Cricket World Cup Qualifier:6,
Bulawayo Athletic Club,,Bulawayo Athletic Club,Bulawayo,Zimbabwe,venue name,1,Hong Kong:1; Scotland:1,ICC Cricket World Cup Qualifier (ICC Trophy):1,
Harare Sports Club,Harare,Harare Sports Club,Harare,Zimbabwe,city,134,Zimbabwe:116; Ireland:30; Bangladesh:19; India:12,Bangladesh tour of Zimbabwe:18; Ireland tour of Zimbabwe:18,
Harare Sports Club,,Harare Sports Club,Harare,Zimbabwe,venue name,93,Zimbabwe:79; India:21; Pakistan:21; Sri Lanka:11,Zimbabwe Triangular Series:11; India in Zimbabwe ODI Series:9,
Kwekwe Sports Club,Kwekwe,Kwekwe Sports Club,Kwekwe,Zimbabwe,city,2,Netherlands:2; Hong Kong:1; Nepal:1,ICC Cricket World Cup Qualifier:2,
Old Hararians,Harare,Old Hararians,Harare,Zimbabwe,city,12,Zimbabwe:3; Mozambique:3; Uganda:3; West Indies:2,ICC Women's T20 World Cup Africa Region Qualifier:8; ICC Cricket World Cup Qualifier (ICC Trophy):4,
"Old Hararians, Harare",Harare,Old Hararians,Harare,Zimbabwe,city,2,Pakistan:1; Bangladesh:1; United States of America:1; Thailand:1,ICC Women's Cricket World Cup Qualifier:2,
Old Hararians Sports Club,Harare,Old Hararians Sports Club,Harare,Zimbabwe,city,3,Netherlands:2; Papua New Guinea:2; Ireland:1; Nepal:1,ICC Cricket World Cup Qualifier:3,
"Queens Sports Club, Bulawayo",Bulawayo,"Queens Sports Club, Bulawayo",Bulawayo,Zimbabwe,city,60,Zimbabwe:48; Namibia:8; Netherlands:7; United Arab Emirates:7,ICC Men's T20 World Cup Qualifier:10; ICC Cricket World Cup Qualifier:10,
Queens Sports Club,Bulawayo,"Queens Sports Club, Bulawayo",Bulawayo,Zimbabwe,city,49,Zimbabwe:45; Bangladesh:12; Pakistan:7; West Indies:6,Bangladesh in Zimbabwe ODI Series:10; Zimbabwe Tri-Nation Series:5,
"Sunrise Sports Club, Harare",Harare,"Sunrise Sports Club, Harare",Harare,Zimbabwe,city,3,Ireland:1; Netherlands:1; Bangladesh:1; United States of America:1,ICC Women's Cricket World Cup Qualifier:3,
"Takashinga Sports Club, Highfield, Harare",Harare,"Takashinga Sports Club, Highfield, Harare",Harare,Zimbabwe,city,24,United States of America:6; Thailand:4; Zimbabwe:4; Nepal:4,ICC Men's T20 World Cup Africa Region Final:10; ICC Cricket World Cup Qualifier:9,
Takashinga Sports Club,Harare,"Takashinga Sports Club, Highfield, Harare",Harare,Zimbabwe,city,3,Tanzania:2; Zimbabwe:1; Namibia:1; Sierra Leone:1,ICC Women's T20 World Cup Africa Region Qualifier:3,
